source,predicted_destination,target_path,score,action,method,reasons
(1) Inbox _ kdturnage@protonmail V Gray confer email motion to dismiss.pdf,02_Pleadings/Motions,02_Pleadings/Motions/(1) Inbox _ kdturnage@protonmail V Gray confer email motion to dismiss.pdf,140,would_move,,matched 'motion' | matched 'motion to'
(1).pdf,98_Needs_Review/Uncertain,,0,review_only,,no confident match
(10).pdf,98_Needs_Review/Uncertain,,0,review_only,,no confident match
(11).pdf,98_Needs_Review/Uncertain,,0,review_only,,no confident match
(12).pdf,98_Needs_Review/Uncertain,,0,review_only,,no confident match
(13).pdf,98_Needs_Review/Uncertain,,0,review_only,,no confident match
(14).pdf,98_Needs_Review/Uncertain,,0,review_only,,no confident match
(15).pdf,98_Needs_Review/Uncertain,,0,review_only,,no confident match
(16).pdf,98_Needs_Review/Uncertain,,0,review_only,,no confident match
(17).pdf,98_Needs_Review/Uncertain,,0,review_only,,no confident match
(18).pdf,98_Needs_Review/Uncertain,,0,review_only,,no confident match
(2).pdf,98_Needs_Review/Uncertain,,0,review_only,,no confident match
(20).pdf,98_Needs_Review/Uncertain,,0,review_only,,no confident match
(21).pdf,98_Needs_Review/Uncertain,,0,review_only,,no confident match
(24) Inbox _ kdturnage@protonmail.com _ Proton Mail Request for additional information.pdf,98_Needs_Review/Uncertain,,0,review_only,,no confident match
(3).pdf,98_Needs_Review/Uncertain,,0,review_only,,no confident match
(4).pdf,98_Needs_Review/Uncertain,,0,review_only,,no confident match
(44) All mail _ kdturnage@protonmail August 18 2025 Ethics Crowdsourcing.pdf,98_Needs_Review/Uncertain,,0,review_only,,no confident match
"(44) All mail _ kdturnage@protonmail August 26, 2025.pdf",98_Needs_Review/Uncertain,,0,review_only,,no confident match
"(44) All mail _ kdturnage@protonmail August 27, 2025 McCabe against leave.pdf",98_Needs_Review/Uncertain,,0,review_only,,no confident match
"(44) All mail _ kdturnage@protonmail Crowdsourcing Response Email August 18, 2025.pdf",02_Pleadings/Responses,"02_Pleadings/Responses/(44) All mail _ kdturnage@protonmail Crowdsourcing Response Email August 18, 2025.pdf",70,would_move,,matched 'response'
"(44) All mail _ kdturnage@protonmail Request for Documentation November 25, 2025.pdf",98_Needs_Review/Uncertain,,0,review_only,,no confident match
(44) All mail _ kdturnage@protonmail Response to August 27 2025 Followup McCabe.pdf,02_Pleadings/Responses,02_Pleadings/Responses/(44) All mail _ kdturnage@protonmail Response to August 27 2025 Followup McCabe.pdf,70,would_move,,matched 'response'
(5).pdf,98_Needs_Review/Uncertain,,0,review_only,,no confident match
(6).pdf,98_Needs_Review/Uncertain,,0,review_only,,no confident match
(7).pdf,98_Needs_Review/Uncertain,,0,review_only,,no confident match
(8).pdf,98_Needs_Review/Uncertain,,0,review_only,,no confident match
(9).pdf,98_Needs_Review/Uncertain,,0,review_only,,no confident match
(Amended Motion for Protective Order).pdf,03_Discovery/Protective_Orders,03_Discovery/Protective_Orders/(Amended Motion for Protective Order).pdf,85,would_move,,matched 'protective order'
01Mar2024 Email.pdf,98_Needs_Review/Uncertain,,0,review_only,,no confident match
02-Witness Affidavit (Turnage)[Final].pdf,02_Pleadings/Declarations,02_Pleadings/Declarations/02-Witness Affidavit (Turnage)[Final].pdf,80,would_move,,matched 'affidavit'
02-Witness Affidavit (Turnage)[TFinal].pdf,02_Pleadings/Declarations,02_Pleadings/Declarations/02-Witness Affidavit (Turnage)[TFinal].pdf,80,would_move,,matched 'affidavit'
02-Witness Affidavit -Turnage Supplemental.pdf,02_Pleadings/Declarations,02_Pleadings/Declarations/02-Witness Affidavit -Turnage Supplemental.pdf,80,would_move,,matched 'affidavit'
02-Witness Supplemental Affidavit - Turnage.pdf,02_Pleadings/Declarations,02_Pleadings/Declarations/02-Witness Supplemental Affidavit - Turnage.pdf,80,would_move,,matched 'affidavit'
02-Wittness Affidavit-Turnage Initial Affidavit Plus documentation.pdf,02_Pleadings/Declarations,02_Pleadings/Declarations/02-Wittness Affidavit-Turnage Initial Affidavit Plus documentation.pdf,80,would_move,,matched 'affidavit'
032123  0732 email to IHS HQ regarding Hostile Work Environment.pdf,98_Needs_Review/Uncertain,,0,review_only,,no confident match
1 (2).pdf,98_Needs_Review/Uncertain,,0,review_only,,no confident match
1-1.pdf,98_Needs_Review/Uncertain,,0,review_only,,no confident match
1.pdf,98_Needs_Review/Uncertain,,0,review_only,,no confident match
10-1.pdf,98_Needs_Review/Uncertain,,0,review_only,,no confident match
10-2.pdf,98_Needs_Review/Uncertain,,0,review_only,,no confident match
10.pdf,98_Needs_Review/Uncertain,,0,review_only,,no confident match
11-1.pdf,98_Needs_Review/Uncertain,,0,review_only,,no confident match
11-2.pdf,98_Needs_Review/Uncertain,,0,review_only,,no confident match
11.pdf,98_Needs_Review/Uncertain,,0,review_only,,no confident match
112425 0837 mccabe email.pdf,98_Needs_Review/Uncertain,,0,review_only,,no confident match
112425 0924 email mccabe.pdf,98_Needs_Review/Uncertain,,0,review_only,,no confident match
12212022 Email to IHS HQ including Director Tso.pdf,98_Needs_Review/Uncertain,,0,review_only,,no confident match
18April 2025 Memo Legal.pdf,02_Pleadings/Briefs,02_Pleadings/Briefs/18April 2025 Memo Legal.pdf,70,would_move,,matched 'memo'
2024 PMAP.pdf,98_Needs_Review/Uncertain,,0,review_only,,no confident match
2024004239_01_A1-AG_071524_094845_A.pdf,98_Needs_Review/Uncertain,,0,review_only,,no confident match
2024004239_01_AT-CO_071524_094845_C.pdf,98_Needs_Review/Uncertain,,0,review_only,,no confident match
2024004239_Appellant_Initial_Acknowledgement_Letter.pdf,00_Admin/Correspondence,,65,review_only,,matched 'letter'
2025 SF50 12_10.pdf,98_Needs_Review/Uncertain,,0,review_only,,no confident match
24-1.pdf,98_Needs_Review/Uncertain,,0,review_only,,no confident match
24-2.pdf,98_Needs_Review/Uncertain,,0,review_only,,no confident match
24-3.pdf,98_Needs_Review/Uncertain,,0,review_only,,no confident match
26-1.pdf,98_Needs_Review/Uncertain,,0,review_only,,no confident match
26.pdf,98_Needs_Review/Uncertain,,0,review_only,,no confident match
27-1.pdf,98_Needs_Review/Uncertain,,0,review_only,,no confident match
27-2.pdf,98_Needs_Review/Uncertain,,0,review_only,,no confident match
27-3.pdf,98_Needs_Review/Uncertain,,0,review_only,,no confident match
27-4.pdf,98_Needs_Review/Uncertain,,0,review_only,,no confident match
27-5.pdf,98_Needs_Review/Uncertain,,0,review_only,,no confident match
27-6.pdf,98_Needs_Review/Uncertain,,0,review_only,,no confident match
27.pdf,98_Needs_Review/Uncertain,,0,review_only,,no confident match
28-1.pdf,98_Needs_Review/Uncertain,,0,review_only,,no confident match
28.pdf,98_Needs_Review/Uncertain,,0,review_only,,no confident match
29Nov2023 Policy Committee email Attachments.pdf,02_Pleadings/Complaints,02_Pleadings/Complaints/29Nov2023 Policy Committee email Attachments.pdf,80,would_move,,matched 'tac'
29Nov2023 Policy Committee email.pdf,04_Exhibits/Policies,04_Exhibits/Policies/29Nov2023 Policy Committee email.pdf,75,would_move,,matched 'policy'
29USCChapter 28 FMLA.pdf,05_Legal_Authorities/Statutes,05_Legal_Authorities/Statutes/29USCChapter 28 FMLA.pdf,160,would_move,,matched 'usc' | matched 'fmla'
2Turnage Kevin HHS-IHS-0296-2023 Final Agency Decision.pdf,98_Needs_Review/Uncertain,,0,review_only,,no confident match
34-1.pdf,98_Needs_Review/Uncertain,,0,review_only,,no confident match
34-2.pdf,98_Needs_Review/Uncertain,,0,review_only,,no confident match
34-3.pdf,98_Needs_Review/Uncertain,,0,review_only,,no confident match
34.pdf,98_Needs_Review/Uncertain,,0,review_only,,no confident match
35-1.pdf,98_Needs_Review/Uncertain,,0,review_only,,no confident match
35-2.pdf,98_Needs_Review/Uncertain,,0,review_only,,no confident match
35-3.pdf,98_Needs_Review/Uncertain,,0,review_only,,no confident match
35-4.pdf,98_Needs_Review/Uncertain,,0,review_only,,no confident match
35-5.pdf,98_Needs_Review/Uncertain,,0,review_only,,no confident match
35-6.pdf,98_Needs_Review/Uncertain,,0,review_only,,no confident match
35.pdf,98_Needs_Review/Uncertain,,0,review_only,,no confident match
36-1.pdf,98_Needs_Review/Uncertain,,0,review_only,,no confident match
36-2.pdf,98_Needs_Review/Uncertain,,0,review_only,,no confident match
36-3.pdf,98_Needs_Review/Uncertain,,0,review_only,,no confident match
36-4.pdf,98_Needs_Review/Uncertain,,0,review_only,,no confident match
36-5.pdf,98_Needs_Review/Uncertain,,0,review_only,,no confident match
36-6.pdf,98_Needs_Review/Uncertain,,0,review_only,,no confident match
36-7.pdf,98_Needs_Review/Uncertain,,0,review_only,,no confident match
36.pdf,98_Needs_Review/Uncertain,,0,review_only,,no confident match
37 Dill.pdf,98_Needs_Review/Uncertain,,0,review_only,,no confident match
37 GB.pdf,98_Needs_Review/Uncertain,,0,review_only,,no confident match
37 Hixson.pdf,98_Needs_Review/Uncertain,,0,review_only,,no confident match
37 Lee.pdf,98_Needs_Review/Uncertain,,0,review_only,,no confident match
37 McCabe.pdf,98_Needs_Review/Uncertain,,0,review_only,,no confident match
37 Pingel.pdf,98_Needs_Review/Uncertain,,0,review_only,,no confident match
37 Pope.pdf,98_Needs_Review/Uncertain,,0,review_only,,no confident match
37 Reidhead.pdf,98_Needs_Review/Uncertain,,0,review_only,,no confident match
37 summons Added Defendants.pdf,01_Case_Management/Case_Caption,01_Case_Management/Case_Caption/37 summons Added Defendants.pdf,70,would_move,,matched 'summons'
37 White.pdf,98_Needs_Review/Uncertain,,0,review_only,,no confident match
38 summons with deficiencies.pdf,01_Case_Management/Case_Caption,01_Case_Management/Case_Caption/38 summons with deficiencies.pdf,70,would_move,,matched 'summons'
43-1.pdf,98_Needs_Review/Uncertain,,0,review_only,,no confident match
43-2.pdf,98_Needs_Review/Uncertain,,0,review_only,,no confident match
43-3.pdf,98_Needs_Review/Uncertain,,0,review_only,,no confident match
43.pdf,98_Needs_Review/Uncertain,,0,review_only,,no confident match
44-1.pdf,98_Needs_Review/Uncertain,,0,review_only,,no confident match
44-2.pdf,98_Needs_Review/Uncertain,,0,review_only,,no confident match
44-3.pdf,98_Needs_Review/Uncertain,,0,review_only,,no confident match
44-4.pdf,98_Needs_Review/Uncertain,,0,review_only,,no confident match
44-5.pdf,98_Needs_Review/Uncertain,,0,review_only,,no confident match
44-6.pdf,98_Needs_Review/Uncertain,,0,review_only,,no confident match
44-7.pdf,98_Needs_Review/Uncertain,,0,review_only,,no confident match
44-8.pdf,98_Needs_Review/Uncertain,,0,review_only,,no confident match
44.pdf,98_Needs_Review/Uncertain,,0,review_only,,no confident match
46.pdf,98_Needs_Review/Uncertain,,0,review_only,,no confident match
50-1.pdf,98_Needs_Review/Uncertain,,0,review_only,,no confident match
50-2.pdf,98_Needs_Review/Uncertain,,0,review_only,,no confident match
50-3.pdf,98_Needs_Review/Uncertain,,0,review_only,,no confident match
50-4.pdf,98_Needs_Review/Uncertain,,0,review_only,,no confident match
50-5.pdf,98_Needs_Review/Uncertain,,0,review_only,,no confident match
50-6.pdf,98_Needs_Review/Uncertain,,0,review_only,,no confident match
50.pdf,98_Needs_Review/Uncertain,,0,review_only,,no confident match
51-1.pdf,98_Needs_Review/Uncertain,,0,review_only,,no confident match
51-2.pdf,98_Needs_Review/Uncertain,,0,review_only,,no confident match
51-3.pdf,98_Needs_Review/Uncertain,,0,review_only,,no confident match
54-1.pdf,98_Needs_Review/Uncertain,,0,review_only,,no confident match
54-2.pdf,98_Needs_Review/Uncertain,,0,review_only,,no confident match
54.pdf,98_Needs_Review/Uncertain,,0,review_only,,no confident match
55-1.pdf,98_Needs_Review/Uncertain,,0,review_only,,no confident match
55-2.pdf,98_Needs_Review/Uncertain,,0,review_only,,no confident match
55-3.pdf,98_Needs_Review/Uncertain,,0,review_only,,no confident match
55-4.pdf,98_Needs_Review/Uncertain,,0,review_only,,no confident match
55.pdf,98_Needs_Review/Uncertain,,0,review_only,,no confident match
56-1.pdf,98_Needs_Review/Uncertain,,0,review_only,,no confident match
56-2.pdf,98_Needs_Review/Uncertain,,0,review_only,,no confident match
56-3.pdf,98_Needs_Review/Uncertain,,0,review_only,,no confident match
56.pdf,98_Needs_Review/Uncertain,,0,review_only,,no confident match
57-1.pdf,98_Needs_Review/Uncertain,,0,review_only,,no confident match
57-2.pdf,98_Needs_Review/Uncertain,,0,review_only,,no confident match
57.pdf,98_Needs_Review/Uncertain,,0,review_only,,no confident match
58-1.pdf,98_Needs_Review/Uncertain,,0,review_only,,no confident match
58.pdf,98_Needs_Review/Uncertain,,0,review_only,,no confident match
59-1.pdf,98_Needs_Review/Uncertain,,0,review_only,,no confident match
59.pdf,98_Needs_Review/Uncertain,,0,review_only,,no confident match
6-1.pdf,98_Needs_Review/Uncertain,,0,review_only,,no confident match
6.pdf,98_Needs_Review/Uncertain,,0,review_only,,no confident match
60-1.pdf,98_Needs_Review/Uncertain,,0,review_only,,no confident match
60-2.pdf,98_Needs_Review/Uncertain,,0,review_only,,no confident match
60-3.pdf,98_Needs_Review/Uncertain,,0,review_only,,no confident match
60-4.pdf,98_Needs_Review/Uncertain,,0,review_only,,no confident match
60-5.pdf,98_Needs_Review/Uncertain,,0,review_only,,no confident match
60-6.pdf,98_Needs_Review/Uncertain,,0,review_only,,no confident match
60.pdf,98_Needs_Review/Uncertain,,0,review_only,,no confident match
61-1.pdf,98_Needs_Review/Uncertain,,0,review_only,,no confident match
61.pdf,98_Needs_Review/Uncertain,,0,review_only,,no confident match
9-1.pdf,98_Needs_Review/Uncertain,,0,review_only,,no confident match
9.pdf,98_Needs_Review/Uncertain,,0,review_only,,no confident match
9214890142980424389287 DWL Litigation Hold.pdf,98_Needs_Review/Uncertain,,0,review_only,,no confident match
9214890142980424389294 TR Litigation Hold.pdf,98_Needs_Review/Uncertain,,0,review_only,,no confident match
9214890142980424389300 RFK Litigation Hold.pdf,98_Needs_Review/Uncertain,,0,review_only,,no confident match
9214890142980424389317 HHS OGC Litigation Hold.pdf,98_Needs_Review/Uncertain,,0,review_only,,no confident match
9407111898765432922727-20260113 Google Tracking.pdf,98_Needs_Review/Uncertain,,0,review_only,,no confident match
9407111898765432941759-20251224 Reidhead AO440.pdf,98_Needs_Review/Uncertain,,0,review_only,,no confident match
9407111898765432941766-20251223 Governing Body AO 440.pdf,98_Needs_Review/Uncertain,,0,review_only,,no confident match
9407111898765432941803-20251223 McCabe AO440.pdf,98_Needs_Review/Uncertain,,0,review_only,,no confident match
9407111898765432941827-20251223 Pope AO440.pdf,98_Needs_Review/Uncertain,,0,review_only,,no confident match
9407111898765432941841-20251223 Benjamin ao 440.pdf,98_Needs_Review/Uncertain,,0,review_only,,no confident match
9407111898765432941858-20251223 Kathy Dill AO 440.pdf,98_Needs_Review/Uncertain,,0,review_only,,no confident match
9407111898765432941865-20251227 Naomi Hixson.pdf,98_Needs_Review/Uncertain,,0,review_only,,no confident match
9407111898765432941889-20251223 Candace Lee AO440.pdf,98_Needs_Review/Uncertain,,0,review_only,,no confident match
9407111898765433085513-20260319 Certified FLRA HHS.pdf,98_Needs_Review/Uncertain,,0,review_only,,no confident match
9414811898765430800330-20260215.pdf,98_Needs_Review/Uncertain,,0,review_only,,no confident match
9414811898765439225097-20251229 MCCABE UPDATED.pdf,98_Needs_Review/Uncertain,,0,review_only,,no confident match
9414811898765439582565-20260103.pdf,98_Needs_Review/Uncertain,,0,review_only,,no confident match
9414811899561949392743.pdf,98_Needs_Review/Uncertain,,0,review_only,,no confident match
9589071052701397990995.pdf,98_Needs_Review/Uncertain,,0,review_only,,no confident match
9589071052701397993583.pdf,98_Needs_Review/Uncertain,,0,review_only,,no confident match
9589071052701397993699.pdf,98_Needs_Review/Uncertain,,0,review_only,,no confident match
9589071052701397993743.pdf,98_Needs_Review/Uncertain,,0,review_only,,no confident match
9589071052701397993750.pdf,98_Needs_Review/Uncertain,,0,review_only,,no confident match
9589071052701397993767.pdf,98_Needs_Review/Uncertain,,0,review_only,,no confident match
[PROPOSED] ORDER DENYING EXTENSION.pdf,01_Case_Management/Court_Orders,01_Case_Management/Court_Orders/[PROPOSED] ORDER DENYING EXTENSION.pdf,75,would_move,,matched 'order'
[PROPOSED] ORDER GRANTING PLAINTIFF’S EMERGENCY MOTION FOR PRELIMINARY INJUNCTION.pdf,01_Case_Management/Court_Orders,01_Case_Management/Court_Orders/[PROPOSED] ORDER GRANTING PLAINTIFF’S EMERGENCY MOTION FOR PRELIMINARY INJUNCTION.pdf,75,would_move,,matched 'order'
[PROPOSED] ORDER GRANTING PLAINTIFF’S MOTION FOR LEAVE TO FILE THIRD AMENDED COMPLAINT.pdf,02_Pleadings/Complaints,02_Pleadings/Complaints/[PROPOSED] ORDER GRANTING PLAINTIFF’S MOTION FOR LEAVE TO FILE THIRD AMENDED COMPLAINT.pdf,160,would_move,,matched 'complaint' | matched 'amended complaint'
[PROPOSED] ORDER GRANTING PLAINTIFF’S MOTION FOR LEAVE TO SERVE THIRD-PARTY SUBPOENA PRIOR TO RULE 26(f) CONFERENCE.pdf,03_Discovery/Subpoenas,03_Discovery/Subpoenas/[PROPOSED] ORDER GRANTING PLAINTIFF’S MOTION FOR LEAVE TO SERVE THIRD-PARTY SUBPOENA PRIOR TO RULE 26(f) CONFERENCE.pdf,90,would_move,,matched 'subpoena'
[PROPOSED] ORDER OF DEFAULT.pdf,01_Case_Management/Court_Orders,01_Case_Management/Court_Orders/[PROPOSED] ORDER OF DEFAULT.pdf,75,would_move,,matched 'order'
[PROPOSED] ORDER TO DOC 58.pdf,01_Case_Management/Court_Orders,01_Case_Management/Court_Orders/[PROPOSED] ORDER TO DOC 58.pdf,75,would_move,,matched 'order'
Acknowledgement and Email Chain.pdf,00_Admin/Correspondence,,65,review_only,,matched 'email chain'
adcffa45-17ed-4356-8d49-bb2abd3fd6d9 OSC Filing 123025.pdf,98_Needs_Review/Uncertain,,0,review_only,,no confident match
Administrative+Closure+of+EEOC+Routing+No.+2023002548-1.pdf,04_Exhibits/Government_Reports,04_Exhibits/Government_Reports/Administrative+Closure+of+EEOC+Routing+No.+2023002548-1.pdf,115,would_move,,matched 'eeoc' | government-agency acronym
Affidavit of Kevin D. Turnage Exhibit 3.pdf,02_Pleadings/Declarations,02_Pleadings/Declarations/Affidavit of Kevin D. Turnage Exhibit 3.pdf,80,would_move,,matched 'affidavit'
affidavit_religious_duty_to_work.pdf,02_Pleadings/Declarations,02_Pleadings/Declarations/affidavit_religious_duty_to_work.pdf,80,would_move,,matched 'affidavit'
Agency Acknowledgment  email 021226.pdf,98_Needs_Review/Uncertain,,0,review_only,,no confident match
Agency Decision 0296-2023.pdf,98_Needs_Review/Uncertain,,0,review_only,,no confident match
Alicia Email ANSOS return to work.pdf,98_Needs_Review/Uncertain,,0,review_only,,no confident match
ALl OSC files.pdf,98_Needs_Review/Uncertain,,0,review_only,,no confident match
Appeal-1.pdf,10_Post_Judgment/Appeal,10_Post_Judgment/Appeal/Appeal-1.pdf,93,would_move,,path/name mentions 10_Post_Judgment/Appeal | matched 'appeal'
Appellants+Appeal-+Demonstrating+a+Continuing+Pattern+of+Retaliation+and+Harassment.pdf,10_Post_Judgment/Appeal,10_Post_Judgment/Appeal/Appellants+Appeal-+Demonstrating+a+Continuing+Pattern+of+Retaliation+and+Harassment.pdf,93,would_move,,path/name mentions 10_Post_Judgment/Appeal | matched 'appeal'
Apr 8 2025 Memo and email to Executive Leadership.pdf,02_Pleadings/Briefs,02_Pleadings/Briefs/Apr 8 2025 Memo and email to Executive Leadership.pdf,70,would_move,,matched 'memo'
April 30 2025 Compliance Memorandum to Executive Leadership.pdf,02_Pleadings/Briefs,02_Pleadings/Briefs/April 30 2025 Compliance Memorandum to Executive Leadership.pdf,140,would_move,,matched 'memorandum' | matched 'memo'
Asbestos Awareness and Control 18233131.pdf,98_Needs_Review/Uncertain,,0,review_only,,no confident match
Attachment A - Statement of Facts.pdf,02_Pleadings/Complaints,02_Pleadings/Complaints/Attachment A - Statement of Facts.pdf,160,would_move,,matched 'fac' | matched 'tac'
ATTACHMENT A Memo For Record Stroke Alert 053025.pdf,02_Pleadings/Complaints,02_Pleadings/Complaints/ATTACHMENT A Memo For Record Stroke Alert 053025.pdf,80,would_move,,matched 'tac'
Aug 31 2022 Email Chain regarding Toni Greve.pdf,00_Admin/Correspondence,,65,review_only,,matched 'email chain'
August 25 25 First Leave Extension Invalid.pdf,98_Needs_Review/Uncertain,,0,review_only,,no confident match
August 29 McCabe.pdf,98_Needs_Review/Uncertain,,0,review_only,,no confident match
AZ ATTY 120225.pdf,98_Needs_Review/Uncertain,,0,review_only,,no confident match
AZ BON Memo Investigator Lunken Signed.pdf,02_Pleadings/Briefs,02_Pleadings/Briefs/AZ BON Memo Investigator Lunken Signed.pdf,70,would_move,,matched 'memo'
AZ BON Memo Investigator Lunken.pdf,02_Pleadings/Briefs,02_Pleadings/Briefs/AZ BON Memo Investigator Lunken.pdf,70,would_move,,matched 'memo'
AZ Complaint on Google 011426.pdf,02_Pleadings/Complaints,02_Pleadings/Complaints/AZ Complaint on Google 011426.pdf,80,would_move,,matched 'complaint'
AZBN - Complaint Portal.pdf,02_Pleadings/Complaints,02_Pleadings/Complaints/AZBN - Complaint Portal.pdf,80,would_move,,matched 'complaint'
AZUSATTY Email 121525.pdf,98_Needs_Review/Uncertain,,0,review_only,,no confident match
BE TG Complaint.pdf,02_Pleadings/Complaints,02_Pleadings/Complaints/BE TG Complaint.pdf,80,would_move,,matched 'complaint'
Binder2.pdf,04_Exhibits/Exhibit_Binders,04_Exhibits/Exhibit_Binders/Binder2.pdf,85,would_move,,matched 'binder'
Brief to DWL Relief.pdf,02_Pleadings/Briefs,02_Pleadings/Briefs/Brief to DWL Relief.pdf,70,would_move,,matched 'brief'
Brief to DWL.pdf,02_Pleadings/Briefs,02_Pleadings/Briefs/Brief to DWL.pdf,70,would_move,,matched 'brief'
build-repo-html-compat.ps1,04_Exhibits/Personnel_Records,04_Exhibits/Personnel_Records/build-repo-html-compat.ps1,85,would_move,,matched 'hr'
build_legal_tree.py,04_Exhibits/Personnel_Records,04_Exhibits/Personnel_Records/build_legal_tree.py,85,would_move,,matched 'hr'
Burlington Northern  & Santa Fe Railway Co. v White.pdf,98_Needs_Review/Uncertain,,0,review_only,,no confident match
Case Binder 822.pdf,04_Exhibits/Exhibit_Binders,04_Exhibits/Exhibit_Binders/Case Binder 822.pdf,85,would_move,,matched 'binder'
CCC Provider List Email conversation Tonie Greve.pdf,98_Needs_Review/Uncertain,,0,review_only,,no confident match
CERTIFICATE OF GOOD FAITH CONSULTATION PURSUANT TO LRCiv 7.2(j).pdf,05_Legal_Authorities/Local_Rules,05_Legal_Authorities/Local_Rules/CERTIFICATE OF GOOD FAITH CONSULTATION PURSUANT TO LRCiv 7.2(j).pdf,105,would_move,,matched 'lrciv' | rules reference
Certificate of Good Faith Consultation.pdf,98_Needs_Review/Uncertain,,0,review_only,,no confident match
Certificate of Service for Doc 18.pdf,01_Case_Management/Service,01_Case_Management/Service/Certificate of Service for Doc 18.pdf,78,would_move,,path/name mentions 01_Case_Management/Service | matched 'service'
certificate_of_service.pdf,01_Case_Management/Service,01_Case_Management/Service/certificate_of_service.pdf,78,would_move,,path/name mentions 01_Case_Management/Service | matched 'service'
Certified File Copy OSC Supplemental 09242025.pdf,98_Needs_Review/Uncertain,,0,review_only,,no confident match
chart note BB to CT Attach 2.pdf,02_Pleadings/Complaints,02_Pleadings/Complaints/chart note BB to CT Attach 2.pdf,80,would_move,,matched 'tac'
Chronological Legal Timeline of Compliance Suppression and Retaliation.pdf,06_Research/Chronologies,06_Research/Chronologies/Chronological Legal Timeline of Compliance Suppression and Retaliation.pdf,90,would_move,,matched 'chronological'
CLIA Complaint received.pdf,02_Pleadings/Complaints,02_Pleadings/Complaints/CLIA Complaint received.pdf,80,would_move,,matched 'complaint'
CM_ECF - azd Doc 60.pdf,01_Case_Management/Docket,01_Case_Management/Docket/CM_ECF - azd Doc 60.pdf,80,would_move,,matched 'ecf'
CM_ECF - azd Doc 64.pdf,01_Case_Management/Docket,01_Case_Management/Docket/CM_ECF - azd Doc 64.pdf,80,would_move,,matched 'ecf'
CM_ECF - azd doc 65 Notice of Errata.pdf,02_Pleadings/Notices,02_Pleadings/Notices/CM_ECF - azd doc 65 Notice of Errata.pdf,130,would_move,,matched 'notice' | matched 'notice of'
CMS Cover Letter 062525.pdf,04_Exhibits/Government_Reports,04_Exhibits/Government_Reports/CMS Cover Letter 062525.pdf,90,would_move,,matched 'cms'
CMS Regional Offices _ CMS.pdf,04_Exhibits/Government_Reports,04_Exhibits/Government_Reports/CMS Regional Offices _ CMS.pdf,90,would_move,,matched 'cms'
complaint.pdf,02_Pleadings/Complaints,02_Pleadings/Complaints/complaint.pdf,80,would_move,,matched 'complaint'
complaint_and_request_for_injunction.pdf,02_Pleadings/Complaints,02_Pleadings/Complaints/complaint_and_request_for_injunction.pdf,80,would_move,,matched 'complaint'
complaint_for_a_civil_case.pdf,02_Pleadings/Complaints,02_Pleadings/Complaints/complaint_for_a_civil_case.pdf,80,would_move,,matched 'complaint'
complaint_for_violation_of_civil_rights_non-prisoner.pdf,02_Pleadings/Complaints,02_Pleadings/Complaints/complaint_for_violation_of_civil_rights_non-prisoner.pdf,80,would_move,,matched 'complaint'
complaint_for_violations_of_fair_labor_standards.pdf,02_Pleadings/Complaints,02_Pleadings/Complaints/complaint_for_violations_of_fair_labor_standards.pdf,80,would_move,,matched 'complaint'
complaint_Redacted.pdf,02_Pleadings/Complaints,02_Pleadings/Complaints/complaint_Redacted.pdf,80,would_move,,matched 'complaint'
Complete_Policy_Governance_Briefing_Package_PIMC_Signed.pdf,04_Exhibits/Policies,04_Exhibits/Policies/Complete_Policy_Governance_Briefing_Package_PIMC_Signed.pdf,75,would_move,,matched 'policy'
Compliance Plan-History-No-Watermark.pdf,98_Needs_Review/Uncertain,,0,review_only,,no confident match
Conferral on First Amended Complaint .pdf,02_Pleadings/Complaints,02_Pleadings/Complaints/Conferral on First Amended Complaint .pdf,160,would_move,,matched 'complaint' | matched 'amended complaint'
Consumer Report to FTC Google 011426.pdf,98_Needs_Review/Uncertain,,0,review_only,,no confident match
Continued Retaliation Following Protected Disclosure_signed.pdf,98_Needs_Review/Uncertain,,0,review_only,,no confident match
Copy of Hostile Work Environment Email 03212023 to show BCC.pdf,98_Needs_Review/Uncertain,,0,review_only,,no confident match
CORRECTED FOURTH AMENDED COMPLAINT.pdf,02_Pleadings/Complaints,02_Pleadings/Complaints/CORRECTED FOURTH AMENDED COMPLAINT.pdf,240,would_move,,matched 'complaint' | matched 'amended complaint' | matched 'fourth amended'
Coud Nov 4 2021.pdf,98_Needs_Review/Uncertain,,0,review_only,,no confident match
Cover Email - Policy Override Memo.pdf,04_Exhibits/Policies,04_Exhibits/Policies/Cover Email - Policy Override Memo.pdf,75,would_move,,matched 'policy'
COVID Swabbing Rotation Email JW 01_19_23.pdf,98_Needs_Review/Uncertain,,0,review_only,,no confident match
CP All emails as of 06122025 copy.pdf,04_Exhibits/Emails,,8,review_only,,path/name mentions 04_Exhibits/Emails
CP All emails as of 06122025.pdf,04_Exhibits/Emails,,8,review_only,,path/name mentions 04_Exhibits/Emails
CP Transmittal Response.pdf,02_Pleadings/Responses,02_Pleadings/Responses/CP Transmittal Response.pdf,70,would_move,,matched 'response'
d69e6a88-0328-4cd2-9247-d0332ce7dd14.pdf,98_Needs_Review/Uncertain,,0,review_only,,no confident match
d6eed4e4-de1d-4d74-88d5-2874effe96f5.pdf,98_Needs_Review/Uncertain,,0,review_only,,no confident match
Declaration of Kevin D Turnage PMAP.pdf,02_Pleadings/Declarations,02_Pleadings/Declarations/Declaration of Kevin D Turnage PMAP.pdf,80,would_move,,matched 'declaration'
Declaration under Penalty of Perjury 04142025.pdf,02_Pleadings/Declarations,02_Pleadings/Declarations/Declaration under Penalty of Perjury 04142025.pdf,80,would_move,,matched 'declaration'
declaration_religious_exercise_rfra.pdf,02_Pleadings/Declarations,02_Pleadings/Declarations/declaration_religious_exercise_rfra.pdf,80,would_move,,matched 'declaration'
DEPARTMENT OF HEALTH & HUMAN SERVICES pf.pdf,01_Case_Management/Service,01_Case_Management/Service/DEPARTMENT OF HEALTH & HUMAN SERVICES pf.pdf,78,would_move,,path/name mentions 01_Case_Management/Service | matched 'service'
Deposition Questions for Turnage v. HHS Depositions.pdf,05_Legal_Authorities/Cases,05_Legal_Authorities/Cases/Deposition Questions for Turnage v. HHS Depositions.pdf,85,would_move,,matched ' v. '
DHHS Envelope.pdf,98_Needs_Review/Uncertain,,0,review_only,,no confident match
DI-16-2511 WB Closure Ltr.pdf,98_Needs_Review/Uncertain,,0,review_only,,no confident match
Doc 1 Plaintiffs Motion in Limine.pdf,09_Trial/Trial_Briefs,09_Trial/Trial_Briefs/Doc 1 Plaintiffs Motion in Limine.pdf,85,would_move,,matched 'in limine'
Doc 1.pdf,98_Needs_Review/Uncertain,,0,review_only,,no confident match
Doc 23 Order in Motion Limine with Prejudice.pdf,01_Case_Management/Court_Orders,01_Case_Management/Court_Orders/Doc 23 Order in Motion Limine with Prejudice.pdf,75,would_move,,matched 'order'
Doc 29-1 Redlined Amended Complaint.pdf,02_Pleadings/Complaints,02_Pleadings/Complaints/Doc 29-1 Redlined Amended Complaint.pdf,160,would_move,,matched 'complaint' | matched 'amended complaint'
Doc 32 First Amended Complaint.pdf,02_Pleadings/Complaints,02_Pleadings/Complaints/Doc 32 First Amended Complaint.pdf,160,would_move,,matched 'complaint' | matched 'amended complaint'
Doc 33 AO440 New Defendants.pdf,98_Needs_Review/Uncertain,,0,review_only,,no confident match
Doc 47 redownload.pdf,98_Needs_Review/Uncertain,,0,review_only,,no confident match
Doc 47.pdf,98_Needs_Review/Uncertain,,0,review_only,,no confident match
Doc 49  Order denying Second Motion to Amend.pdf,02_Pleadings/Motions,02_Pleadings/Motions/Doc 49  Order denying Second Motion to Amend.pdf,140,would_move,,matched 'motion' | matched 'motion to'
Doc 51 MOTION FOR LEAVE TO SERVE THIRD-PARTY SUBPOENA PRIOR TO RULE 26(f) CONFERENCE.pdf,03_Discovery/Subpoenas,03_Discovery/Subpoenas/Doc 51 MOTION FOR LEAVE TO SERVE THIRD-PARTY SUBPOENA PRIOR TO RULE 26(f) CONFERENCE.pdf,90,would_move,,matched 'subpoena'
Doc 52 [PROPOSED] ORDER GRANTING PLAINTIFF’S MOTION FOR LEAVE TO SERVE THIRD-PARTY SUBPOENA PRIOR TO RULE 26(f) CONFERENCE.pdf,03_Discovery/Subpoenas,03_Discovery/Subpoenas/Doc 52 [PROPOSED] ORDER GRANTING PLAINTIFF’S MOTION FOR LEAVE TO SERVE THIRD-PARTY SUBPOENA PRIOR TO RULE 26(f) CONFERENCE.pdf,90,would_move,,matched 'subpoena'
Doc 64-1.pdf,98_Needs_Review/Uncertain,,0,review_only,,no confident match
Doc 64.pdf,98_Needs_Review/Uncertain,,0,review_only,,no confident match
Doc 65 Notice of Errata to Doc. 64.pdf,02_Pleadings/Notices,02_Pleadings/Notices/Doc 65 Notice of Errata to Doc. 64.pdf,130,would_move,,matched 'notice' | matched 'notice of'
Doc 66-1.pdf,98_Needs_Review/Uncertain,,0,review_only,,no confident match
Doc 66-2.pdf,98_Needs_Review/Uncertain,,0,review_only,,no confident match
Doc 66-3.pdf,98_Needs_Review/Uncertain,,0,review_only,,no confident match
Doc 66-4.pdf,98_Needs_Review/Uncertain,,0,review_only,,no confident match
Doc 66-5.pdf,98_Needs_Review/Uncertain,,0,review_only,,no confident match
Doc 66.pdf,98_Needs_Review/Uncertain,,0,review_only,,no confident match
Doc 67.pdf,98_Needs_Review/Uncertain,,0,review_only,,no confident match
Document 29 Notice of First Amended Complaint.pdf,02_Pleadings/Complaints,02_Pleadings/Complaints/Document 29 Notice of First Amended Complaint.pdf,160,would_move,,matched 'complaint' | matched 'amended complaint'
Document 37.pdf,98_Needs_Review/Uncertain,,0,review_only,,no confident match
Document 39.pdf,98_Needs_Review/Uncertain,,0,review_only,,no confident match
Document 41 AO440 McCabe with Seal 12292025.pdf,98_Needs_Review/Uncertain,,0,review_only,,no confident match
Document 46 AO440 Birdshead.pdf,98_Needs_Review/Uncertain,,0,review_only,,no confident match
Document 47 Motion in Opposition.pdf,02_Pleadings/Motions,02_Pleadings/Motions/Document 47 Motion in Opposition.pdf,70,would_move,,matched 'motion'
Document 48 Plaintiff's Response In Support of Motion for Preliminary Injunction.pdf,02_Pleadings/Motions,02_Pleadings/Motions/Document 48 Plaintiff's Response In Support of Motion for Preliminary Injunction.pdf,70,would_move,,matched 'motion'
Document 53 Motion Opposing.pdf,02_Pleadings/Motions,02_Pleadings/Motions/Document 53 Motion Opposing.pdf,70,would_move,,matched 'motion'
Dr. McCabe Email.pdf,98_Needs_Review/Uncertain,,0,review_only,,no confident match
DWL All Emails as of 06122025 optimizedd copy.pdf,04_Exhibits/Emails,,8,review_only,,path/name mentions 04_Exhibits/Emails
DWL Litigation Hold.pdf,98_Needs_Review/Uncertain,,0,review_only,,no confident match
DWL Response to Transmittal Request.pdf,02_Pleadings/Responses,02_Pleadings/Responses/DWL Response to Transmittal Request.pdf,70,would_move,,matched 'response'
ECF - azd 021526.pdf,01_Case_Management/Docket,01_Case_Management/Docket/ECF - azd 021526.pdf,80,would_move,,matched 'ecf'
EEO_Retaliation_Complaint_Revised.pdf,02_Pleadings/Complaints,02_Pleadings/Complaints/EEO_Retaliation_Complaint_Revised.pdf,80,would_move,,matched 'complaint'
EEOC All .pdf,04_Exhibits/Government_Reports,04_Exhibits/Government_Reports/EEOC All .pdf,115,would_move,,matched 'eeoc' | government-agency acronym
EEOC Determination.pdf,04_Exhibits/Government_Reports,04_Exhibits/Government_Reports/EEOC Determination.pdf,115,would_move,,matched 'eeoc' | government-agency acronym
EEOC Form 573 - Notice of Appeal Kevin D Turnage.pdf,10_Post_Judgment/Appeal,10_Post_Judgment/Appeal/EEOC Form 573 - Notice of Appeal Kevin D Turnage.pdf,178,would_move,,path/name mentions 10_Post_Judgment/Appeal | matched 'appeal' | matched 'notice of appeal'
EEOC Form 573-2.pdf,04_Exhibits/Government_Reports,04_Exhibits/Government_Reports/EEOC Form 573-2.pdf,115,would_move,,matched 'eeoc' | government-agency acronym
EM All emails as of 06122025.pdf,04_Exhibits/Emails,,8,review_only,,path/name mentions 04_Exhibits/Emails
Email and Letter Response to Google 011426.pdf,02_Pleadings/Responses,02_Pleadings/Responses/Email and Letter Response to Google 011426.pdf,70,would_move,,matched 'response'
Email Chain October 2022 regarding RA with TG.pdf,00_Admin/Correspondence,,65,review_only,,matched 'email chain'
Email Chain regarding Covid Swabbing TG.pdf,00_Admin/Correspondence,,65,review_only,,matched 'email chain'
Email elevating to HQ 3.21.23 0732.pdf,98_Needs_Review/Uncertain,,0,review_only,,no confident match
Email Endrea McCabe 04012026 PMAP - Copy.pdf,98_Needs_Review/Uncertain,,0,review_only,,no confident match
Email Endrea McCabe 04012026 PMAP.pdf,98_Needs_Review/Uncertain,,0,review_only,,no confident match
Email from Gray Dec 29 2025 0820.pdf,98_Needs_Review/Uncertain,,0,review_only,,no confident match
Email March 6 2026 Bellinger.pdf,98_Needs_Review/Uncertain,,0,review_only,,no confident match
Email response to Gray Dec 29 2025.pdf,02_Pleadings/Responses,02_Pleadings/Responses/Email response to Gray Dec 29 2025.pdf,70,would_move,,matched 'response'
"Email to BB March 1, 2023.pdf",98_Needs_Review/Uncertain,,0,review_only,,no confident match
employee-grievance-letter-response signed.pdf,02_Pleadings/Responses,02_Pleadings/Responses/employee-grievance-letter-response signed.pdf,70,would_move,,matched 'response'
employee-grievance-letter-response.pdf,02_Pleadings/Responses,02_Pleadings/Responses/employee-grievance-letter-response.pdf,70,would_move,,matched 'response'
Enforcement Guidance on Retaliation and Related Issues _ U.S. Equal Employment Opportunity Commission.pdf,10_Post_Judgment/Enforcement,10_Post_Judgment/Enforcement/Enforcement Guidance on Retaliation and Related Issues _ U.S. Equal Employment Opportunity Commission.pdf,93,would_move,,path/name mentions 10_Post_Judgment/Enforcement | matched 'enforcement'
Escalation of Violations of 5 U.S.C. 2302b Federal Regulations and Internal Compliance Directives Singed.pdf,05_Legal_Authorities/Regulations,05_Legal_Authorities/Regulations/Escalation of Violations of 5 U.S.C. 2302b Federal Regulations and Internal Compliance Directives Singed.pdf,88,would_move,,path/name mentions 05_Legal_Authorities/Regulations | matched 'regulation'
Executive Summary.pdf,98_Needs_Review/Uncertain,,0,review_only,,no confident match
Exhibit 2 Second Amended complaint Kevin Turnage Protected Disclosure and Retaliation Timeline.pdf,02_Pleadings/Complaints,02_Pleadings/Complaints/Exhibit 2 Second Amended complaint Kevin Turnage Protected Disclosure and Retaliation Timeline.pdf,160,would_move,,matched 'complaint' | matched 'amended complaint'
Exhibit A - Position Description PX3147_ Policy Officer_FINAL.pdf,04_Exhibits/Policies,04_Exhibits/Policies/Exhibit A - Position Description PX3147_ Policy Officer_FINAL.pdf,75,would_move,,matched 'policy'
"Exhibit B ΓÇô Policy Management Policy (Sept. 30, 2024 Revision ΓÇô Old Policy).pdf",04_Exhibits/Policies,"04_Exhibits/Policies/Exhibit B ΓÇô Policy Management Policy (Sept. 30, 2024 Revision ΓÇô Old Policy).pdf",75,would_move,,matched 'policy'
"Exhibit C ΓÇô Policy Management Policy (June 26, 2025 Revision ΓÇô Current Policy).pdf",04_Exhibits/Policies,"04_Exhibits/Policies/Exhibit C ΓÇô Policy Management Policy (June 26, 2025 Revision ΓÇô Current Policy).pdf",75,would_move,,matched 'policy'
Exhibit D ΓÇô Workflow Comparison Chart (2024 vs. 2025).pdf,05_Legal_Authorities/Cases,05_Legal_Authorities/Cases/Exhibit D ΓÇô Workflow Comparison Chart (2024 vs. 2025).pdf,85,would_move,,matched ' vs. '
Exhibit E ΓÇô Timeline of Policy Changes (2019ΓÇô2025).pdf,06_Research/Timelines,06_Research/Timelines/Exhibit E ΓÇô Timeline of Policy Changes (2019ΓÇô2025).pdf,90,would_move,,matched 'timeline'
Exhibit F ΓÇô Declaration of Kevin D. Turnage.pdf,02_Pleadings/Declarations,02_Pleadings/Declarations/Exhibit F ΓÇô Declaration of Kevin D. Turnage.pdf,80,would_move,,matched 'declaration'
Exhibit G ΓÇô Supplemental Filing Memorandum.pdf,02_Pleadings/Briefs,02_Pleadings/Briefs/Exhibit G ΓÇô Supplemental Filing Memorandum.pdf,140,would_move,,matched 'memorandum' | matched 'memo'
Exhibit H ΓÇô Executive Summary (1-Page).pdf,04_Exhibits/Exhibit_Binders,,35,review_only,,filename begins with exhibit
Exhibit I ΓÇô Proposed Corrective Action.pdf,05_Legal_Authorities/Statutes,05_Legal_Authorities/Statutes/Exhibit I ΓÇô Proposed Corrective Action.pdf,80,would_move,,matched 'act'
Exhibit Index ΓÇô Supplemental Filing.pdf,04_Exhibits/Exhibit_Indexes,04_Exhibits/Exhibit_Indexes/Exhibit Index ΓÇô Supplemental Filing.pdf,95,would_move,,matched 'exhibit index'
Exhibit-Stamp.pdf,04_Exhibits/Exhibit_Binders,,35,review_only,,filename begins with exhibit
FACT TIMELINE .pdf,06_Research/Timelines,06_Research/Timelines/FACT TIMELINE .pdf,90,would_move,,matched 'timeline'
Filed Opposition to Motion to Extend.pdf,02_Pleadings/Motions,02_Pleadings/Motions/Filed Opposition to Motion to Extend.pdf,140,would_move,,matched 'motion' | matched 'motion to'
Filing Doc 66 acknowledgment page.pdf,98_Needs_Review/Uncertain,,0,review_only,,no confident match
FINAL+Turnage+v.+HHS+-+Motion+to+Strike+and+Exhibit-1.pdf,02_Pleadings/Motions,02_Pleadings/Motions/FINAL+Turnage+v.+HHS+-+Motion+to+Strike+and+Exhibit-1.pdf,70,would_move,,matched 'motion'
Final_EEOC_Submission_with_Procedural_Technicalities-2.pdf,04_Exhibits/Government_Reports,04_Exhibits/Government_Reports/Final_EEOC_Submission_with_Procedural_Technicalities-2.pdf,90,would_move,,matched 'eeoc'
Final_Plaintiff_Reply_to_Doc_No_47.pdf,02_Pleadings/Replies,02_Pleadings/Replies/Final_Plaintiff_Reply_to_Doc_No_47.pdf,75,would_move,,matched 'reply'
First Amended Accepted.pdf,98_Needs_Review/Uncertain,,0,review_only,,no confident match
Formal Compliance Memorandum.pdf,02_Pleadings/Briefs,02_Pleadings/Briefs/Formal Compliance Memorandum.pdf,140,would_move,,matched 'memorandum' | matched 'memo'
Formal EEO 13April 2023.pdf,98_Needs_Review/Uncertain,,0,review_only,,no confident match
Formal Notice Violation of CMS Conditions of Participation and Policy Governance Failure at Phoenix Indian Medical Center.pdf,04_Exhibits/Government_Reports,04_Exhibits/Government_Reports/Formal Notice Violation of CMS Conditions of Participation and Policy Governance Failure at Phoenix Indian Medical Center.pdf,90,would_move,,matched 'cms'
Formal Objection and Legal Challenge to Directive Removing Workflow Access Retaliation in Violation of Federal Law Memo Signed.pdf,02_Pleadings/Briefs,02_Pleadings/Briefs/Formal Objection and Legal Challenge to Directive Removing Workflow Access Retaliation in Violation of Federal Law Memo Signed.pdf,70,would_move,,matched 'memo'
Formal Objection and Legal Clarification of Authority to Reject Noncompliant Policies.pdf,04_Exhibits/Policies,,8,review_only,,path/name mentions 04_Exhibits/Policies
Formal Timeline and Legal Opinion.pdf,06_Research/Timelines,06_Research/Timelines/Formal Timeline and Legal Opinion.pdf,90,would_move,,matched 'timeline'
"Fraud, Waste, or Abuse Complaint 101525.pdf",02_Pleadings/Complaints,"02_Pleadings/Complaints/Fraud, Waste, or Abuse Complaint 101525.pdf",80,would_move,,matched 'complaint'
"Fraud, Waste, or Abuse Complaint060925 all.pdf",02_Pleadings/Complaints,"02_Pleadings/Complaints/Fraud, Waste, or Abuse Complaint060925 all.pdf",80,would_move,,matched 'complaint'
"Fraud, Waste, or Abuse Complaint06102025.pdf",02_Pleadings/Complaints,"02_Pleadings/Complaints/Fraud, Waste, or Abuse Complaint06102025.pdf",80,would_move,,matched 'complaint'
Friday.pdf,98_Needs_Review/Uncertain,,0,review_only,,no confident match
Fw_ Notice of leave Emily Drake.pdf,02_Pleadings/Notices,02_Pleadings/Notices/Fw_ Notice of leave Emily Drake.pdf,130,would_move,,matched 'notice' | matched 'notice of'
FW_ Nurse Assessment room.pdf,98_Needs_Review/Uncertain,,0,review_only,,no confident match
GAO Formal ComplaintSigned.pdf,04_Exhibits/Government_Reports,04_Exhibits/Government_Reports/GAO Formal ComplaintSigned.pdf,115,would_move,,matched 'gao' | government-agency acronym
General Denial HHS-IHS-0334-2022 Signed.pdf,98_Needs_Review/Uncertain,,0,review_only,,no confident match
General Denial HHS-IHS-0334-2022.pdf,98_Needs_Review/Uncertain,,0,review_only,,no confident match
Gmail - Confirmation Receipt for Whistleblower RetaliationDEC2024.pdf,98_Needs_Review/Uncertain,,0,review_only,,no confident match
Gmail - Fwd_ Fw_ Statement.pdf,98_Needs_Review/Uncertain,,0,review_only,,no confident match
Gmail - Fwd_ Fw_ StatementKrumenacker.pdf,98_Needs_Review/Uncertain,,0,review_only,,no confident match
Gmail - RE_ Administrative Leave.pdf,98_Needs_Review/Uncertain,,0,review_only,,no confident match
Good Enough.pdf,98_Needs_Review/Uncertain,,0,review_only,,no confident match
Googl Attachment.pdf,02_Pleadings/Complaints,02_Pleadings/Complaints/Googl Attachment.pdf,80,would_move,,matched 'tac'
Google Draft Binder.pdf,04_Exhibits/Exhibit_Binders,04_Exhibits/Exhibit_Binders/Google Draft Binder.pdf,85,would_move,,matched 'binder'
Google Letter 1 Signed.pdf,00_Admin/Correspondence,,65,review_only,,matched 'letter'
Google Response.pdf,02_Pleadings/Responses,02_Pleadings/Responses/Google Response.pdf,70,would_move,,matched 'response'
Google.pdf,98_Needs_Review/Uncertain,,0,review_only,,no confident match
Governance Deficiency Notice ΓÇô Pharmacy and Therapeutics (P&T) Committee Charter Missing.pdf,02_Pleadings/Notices,,65,review_only,,matched 'notice'
Grev Step 2 email 03.21.23 1541-2.pdf,98_Needs_Review/Uncertain,,0,review_only,,no confident match
Grievance 030623.pdf,98_Needs_Review/Uncertain,,0,review_only,,no confident match
Grievance Letter Signed 06March2023 2.pdf,00_Admin/Correspondence,,65,review_only,,matched 'letter'
HHS Certificate of Service for Kevin D. Turnage Letter of Dismissal (HHS-IHS-0614-2023)- (03-06-26)-Signed by MBJ pf.pdf,01_Case_Management/Service,01_Case_Management/Service/HHS Certificate of Service for Kevin D. Turnage Letter of Dismissal (HHS-IHS-0614-2023)- (03-06-26)-Signed by MBJ pf.pdf,78,would_move,,path/name mentions 01_Case_Management/Service | matched 'service'
HHS Certificate of Service for Kevin D. Turnage Letter of Dismissal (HHS-IHS-0614-2023)- (03-06-26)-Signed by MBJ.pdf,01_Case_Management/Service,01_Case_Management/Service/HHS Certificate of Service for Kevin D. Turnage Letter of Dismissal (HHS-IHS-0614-2023)- (03-06-26)-Signed by MBJ.pdf,78,would_move,,path/name mentions 01_Case_Management/Service | matched 'service'
HHS IHS 0466 2021 0000006 Right to file.pdf,98_Needs_Review/Uncertain,,0,review_only,,no confident match
HHS Instruction 430-1 Performance Management Appraisal Program (PMAP) 2023.pdf,04_Exhibits/Personnel_Records,04_Exhibits/Personnel_Records/HHS Instruction 430-1 Performance Management Appraisal Program (PMAP) 2023.pdf,85,would_move,,matched 'performance'
HHS KT Rebuttal BB.pdf,98_Needs_Review/Uncertain,,0,review_only,,no confident match
HHS KT Rebuttal JW.pdf,98_Needs_Review/Uncertain,,0,review_only,,no confident match
HHS OGC Litigation Hold.pdf,98_Needs_Review/Uncertain,,0,review_only,,no confident match
HHS OIG 100625Other Complaint.pdf,04_Exhibits/Government_Reports,04_Exhibits/Government_Reports/HHS OIG 100625Other Complaint.pdf,115,would_move,,matched 'oig' | government-agency acronym
HHS OIG Complaint Abuse of Authority 100625.pdf,04_Exhibits/Government_Reports,04_Exhibits/Government_Reports/HHS OIG Complaint Abuse of Authority 100625.pdf,115,would_move,,matched 'oig' | government-agency acronym
"HHS OIG Confidential Compliance Memorandum OIG and OGC June 10, 2025.pdf",02_Pleadings/Briefs,"02_Pleadings/Briefs/HHS OIG Confidential Compliance Memorandum OIG and OGC June 10, 2025.pdf",140,would_move,,matched 'memorandum' | matched 'memo'
HHS OIG CONFIDENTIAL COMPLIANCE MEMORANDUMSigned.pdf,02_Pleadings/Briefs,02_Pleadings/Briefs/HHS OIG CONFIDENTIAL COMPLIANCE MEMORANDUMSigned.pdf,140,would_move,,matched 'memorandum' | matched 'memo'
HHS OIG Coverletter 062525.pdf,04_Exhibits/Government_Reports,04_Exhibits/Government_Reports/HHS OIG Coverletter 062525.pdf,115,would_move,,matched 'oig' | government-agency acronym
"HHS PMAP Handbook, Resource Guide for Supervisors and Employees.pdf",05_Legal_Authorities/Agency_Guidance,"05_Legal_Authorities/Agency_Guidance/HHS PMAP Handbook, Resource Guide for Supervisors and Employees.pdf",70,would_move,,matched 'handbook'
"HHS-IHS-0614-2023 Dismissal Letter Turnage, K.pdf",00_Admin/Correspondence,,65,review_only,,matched 'letter'
Hospital Policy For Policy Committee.pdf,04_Exhibits/Medical_Records,04_Exhibits/Medical_Records/Hospital Policy For Policy Committee.pdf,85,would_move,,matched 'hospital'
Hostile Work Environment Bertha Edison.pdf,98_Needs_Review/Uncertain,,0,review_only,,no confident match
Hostile Work Environment claim E.Hill.pdf,98_Needs_Review/Uncertain,,0,review_only,,no confident match
I.pdf,98_Needs_Review/Uncertain,,0,review_only,,no confident match
Implementation of Revised Policy Review Cycle per IHM Transmittal Notice 24-16 Signed.pdf,04_Exhibits/Policies,04_Exhibits/Policies/Implementation of Revised Policy Review Cycle per IHM Transmittal Notice 24-16 Signed.pdf,75,would_move,,matched 'policy'
Implementation of Revised Policy Review Cycle per IHM Transmittal Notice 24-16.pdf,04_Exhibits/Policies,04_Exhibits/Policies/Implementation of Revised Policy Review Cycle per IHM Transmittal Notice 24-16.pdf,75,would_move,,matched 'policy'
Informal Documents Packet w Page Numbers KT.pdf,98_Needs_Review/Uncertain,,0,review_only,,no confident match
Jodi_OMalley_PIMC_Web_Exhibit_Binder.pdf,04_Exhibits/Exhibit_Binders,04_Exhibits/Exhibit_Binders/Jodi_OMalley_PIMC_Web_Exhibit_Binder.pdf,85,would_move,,matched 'binder'
Joint Commission Acknowledgement.pdf,98_Needs_Review/Uncertain,,0,review_only,,no confident match
Joint Commission Response.pdf,02_Pleadings/Responses,02_Pleadings/Responses/Joint Commission Response.pdf,70,would_move,,matched 'response'
JULY 11 2025 FILING.pdf,98_Needs_Review/Uncertain,,0,review_only,,no confident match
July 18th 2025 Email Chain Return of Government Equipment.pdf,00_Admin/Correspondence,,65,review_only,,matched 'email chain'
"June 13, 2025 Memo Override Signed.pdf",02_Pleadings/Briefs,"02_Pleadings/Briefs/June 13, 2025 Memo Override Signed.pdf",70,would_move,,matched 'memo'
June 25 2025 CEO Violation of IHM Transmittal 24-16.pdf,98_Needs_Review/Uncertain,,0,review_only,,no confident match
JW CCC Team Splits.pdf,98_Needs_Review/Uncertain,,0,review_only,,no confident match
K Turnage Affidavit T  Greve Complaint .pdf,02_Pleadings/Complaints,02_Pleadings/Complaints/K Turnage Affidavit T  Greve Complaint .pdf,80,would_move,,matched 'complaint'
Karyn Starr MS Teams conversation April.pdf,98_Needs_Review/Uncertain,,0,review_only,,no confident match
Keep _ kdturnage@protonmail 083123 Greve Issue Regarding Hostile Work Environment.pdf,98_Needs_Review/Uncertain,,0,review_only,,no confident match
Keep _ kdturnage@protonmail Retaliation and Discrimination Email 12212022 @1505.pdf,98_Needs_Review/Uncertain,,0,review_only,,no confident match
Kevin Turnage Protected Disclosure and Retaliation Timeline.pdf,06_Research/Timelines,06_Research/Timelines/Kevin Turnage Protected Disclosure and Retaliation Timeline.pdf,90,would_move,,matched 'timeline'
Krumenacker Witness Statement to Investigator.pdf,06_Research/Witness_Notes,06_Research/Witness_Notes/Krumenacker Witness Statement to Investigator.pdf,70,would_move,,matched 'witness'
Krumenacker.pdf,98_Needs_Review/Uncertain,,0,review_only,,no confident match
"Labeling of Specimen Containers, Colored Cassettes, & Slides 18265459.pdf",98_Needs_Review/Uncertain,,0,review_only,,no confident match
LEGAL BRIEF  Re- Legal Authority of Federal Register Document 2024-31273 in Support of the Compliance Classification of the Policy and Procedures Officer (PX3147)  .pdf,04_Exhibits/Policies,04_Exhibits/Policies/LEGAL BRIEF  Re- Legal Authority of Federal Register Document 2024-31273 in Support of the Compliance Classification of the Policy and Procedures Officer (PX3147)  .pdf,150,would_move,,matched 'policy' | matched 'procedure'
LEGAL BRIEF  Re- Legal Authority of Federal Register Document 2024-31273 in Support of the Compliance Classification of the Policy and Procedures Officer (PX3147)  _Final.pdf,04_Exhibits/Policies,04_Exhibits/Policies/LEGAL BRIEF  Re- Legal Authority of Federal Register Document 2024-31273 in Support of the Compliance Classification of the Policy and Procedures Officer (PX3147)  _Final.pdf,150,would_move,,matched 'policy' | matched 'procedure'
LEGAL BRIEF IN SUPPORT OF OSC COMPLAINT.pdf,02_Pleadings/Complaints,02_Pleadings/Complaints/LEGAL BRIEF IN SUPPORT OF OSC COMPLAINT.pdf,80,would_move,,matched 'complaint'
Legal Brief TRLLC.pdf,02_Pleadings/Briefs,02_Pleadings/Briefs/Legal Brief TRLLC.pdf,70,would_move,,matched 'brief'
Legal Consequences of CEOΓÇÖs Refusal to Implement Binding IHS Policy Directives under TN 24-16.pdf,04_Exhibits/Policies,04_Exhibits/Policies/Legal Consequences of CEOΓÇÖs Refusal to Implement Binding IHS Policy Directives under TN 24-16.pdf,75,would_move,,matched 'policy'
Legal Statement for OIG Submission 04142025.pdf,04_Exhibits/Government_Reports,04_Exhibits/Government_Reports/Legal Statement for OIG Submission 04142025.pdf,115,would_move,,matched 'oig' | government-agency acronym
LEGAL SYNTHESIS BRIEF Authority and Compliance Function of PX3147.pdf,02_Pleadings/Briefs,02_Pleadings/Briefs/LEGAL SYNTHESIS BRIEF Authority and Compliance Function of PX3147.pdf,70,would_move,,matched 'brief'
legal_repo_reorganizer.py,04_Exhibits/Government_Reports,04_Exhibits/Government_Reports/legal_repo_reorganizer.py,925,would_move,,matched 'gao' | matched 'oig' | matched 'cms' | matched 'eeoc' | matched 'mspb' | matched 'opm' | matched 'inspector general' | matched 'audit report'
legal_tree.html,02_Pleadings/Complaints,02_Pleadings/Complaints/legal_tree.html,400,would_move,,matched 'complaint' | matched 'amended complaint' | matched 'fac' | matched 'tac' | matched 'fourth amended'
Letter of Directive email 032323 1159.pdf,05_Legal_Authorities/Agency_Guidance,05_Legal_Authorities/Agency_Guidance/Letter of Directive email 032323 1159.pdf,70,would_move,,matched 'directive'
letter of Directive email 032823 1136.pdf,05_Legal_Authorities/Agency_Guidance,05_Legal_Authorities/Agency_Guidance/letter of Directive email 032823 1136.pdf,70,would_move,,matched 'directive'
make-gitattributes.ps1,99_Archive,99_Archive/make-gitattributes.ps1,95,would_move,,matched 'archive'
"March 22, 2025 email to Pope.pdf",98_Needs_Review/Uncertain,,0,review_only,,no confident match
March 23 2023 OSC Filing.pdf,98_Needs_Review/Uncertain,,0,review_only,,no confident match
"March 31, 2023 Detail.pdf",98_Needs_Review/Uncertain,,0,review_only,,no confident match
March 9 2026 BRIEF IN SUPPORT OF COMPLAINANT’S APPEAL.pdf,10_Post_Judgment/Appeal,10_Post_Judgment/Appeal/March 9 2026 BRIEF IN SUPPORT OF COMPLAINANT’S APPEAL.pdf,93,would_move,,path/name mentions 10_Post_Judgment/Appeal | matched 'appeal'
May 15 Complaint.pdf,02_Pleadings/Complaints,02_Pleadings/Complaints/May 15 Complaint.pdf,80,would_move,,matched 'complaint'
May 30 2025 Governing Body Memorandum cc Congress and Senate.pdf,02_Pleadings/Briefs,02_Pleadings/Briefs/May 30 2025 Governing Body Memorandum cc Congress and Senate.pdf,140,would_move,,matched 'memorandum' | matched 'memo'
McCabe Emails.pdf,04_Exhibits/Emails,,8,review_only,,path/name mentions 04_Exhibits/Emails
Meet‑and‑Confer – Joint Case‑Management Plan – CV‑25‑03367‑PHX‑SMB Email and Attachment.pdf,02_Pleadings/Complaints,02_Pleadings/Complaints/Meet‑and‑Confer – Joint Case‑Management Plan – CV‑25‑03367‑PHX‑SMB Email and Attachment.pdf,80,would_move,,matched 'tac'
Meet‑and‑Confer – Joint Case‑Management Plan – CV‑25‑03367‑PHX‑SMB Email.pdf,98_Needs_Review/Uncertain,,0,review_only,,no confident match
Memo 052125.pdf,02_Pleadings/Briefs,02_Pleadings/Briefs/Memo 052125.pdf,70,would_move,,matched 'memo'
"Memo and Email to Governing Body on March 21, 2025.pdf",02_Pleadings/Briefs,"02_Pleadings/Briefs/Memo and Email to Governing Body on March 21, 2025.pdf",70,would_move,,matched 'memo'
"Memo for Record June 13, 2025.pdf",02_Pleadings/Briefs,"02_Pleadings/Briefs/Memo for Record June 13, 2025.pdf",70,would_move,,matched 'memo'
Memo Legal and Regulatory reasons for Charters and Bylaws.pdf,02_Pleadings/Briefs,02_Pleadings/Briefs/Memo Legal and Regulatory reasons for Charters and Bylaws.pdf,70,would_move,,matched 'memo'
Memo PX3147 Functions Meet Regulatory and Compliance Standards for Policy Review.pdf,04_Exhibits/Policies,04_Exhibits/Policies/Memo PX3147 Functions Meet Regulatory and Compliance Standards for Policy Review.pdf,75,would_move,,matched 'policy'
Memo Style 19Dec2022 calling me dishonest.pdf,02_Pleadings/Briefs,02_Pleadings/Briefs/Memo Style 19Dec2022 calling me dishonest.pdf,70,would_move,,matched 'memo'
Memo Style Angela Porter Follow-up.pdf,02_Pleadings/Briefs,02_Pleadings/Briefs/Memo Style Angela Porter Follow-up.pdf,70,would_move,,matched 'memo'
Memo Style BB Grievance 2.pdf,02_Pleadings/Briefs,02_Pleadings/Briefs/Memo Style BB Grievance 2.pdf,70,would_move,,matched 'memo'
Memo Style BB to CT Attach 1.pdf,02_Pleadings/Complaints,02_Pleadings/Complaints/Memo Style BB to CT Attach 1.pdf,80,would_move,,matched 'tac'
Memo Style BB to CT.pdf,02_Pleadings/Briefs,02_Pleadings/Briefs/Memo Style BB to CT.pdf,70,would_move,,matched 'memo'
Memo Style BE email.pdf,02_Pleadings/Briefs,02_Pleadings/Briefs/Memo Style BE email.pdf,70,would_move,,matched 'memo'
Memo Style change of LAO.pdf,02_Pleadings/Briefs,02_Pleadings/Briefs/Memo Style change of LAO.pdf,70,would_move,,matched 'memo'
Memo Style Civil Rights Threat.pdf,04_Exhibits/Personnel_Records,04_Exhibits/Personnel_Records/Memo Style Civil Rights Threat.pdf,85,would_move,,matched 'hr'
Memo Style CMA 022423.pdf,02_Pleadings/Briefs,02_Pleadings/Briefs/Memo Style CMA 022423.pdf,70,would_move,,matched 'memo'
Memo Style CMA posting 021023.pdf,02_Pleadings/Briefs,02_Pleadings/Briefs/Memo Style CMA posting 021023.pdf,70,would_move,,matched 'memo'
Memo Style Detail to PHN 3.pdf,02_Pleadings/Briefs,02_Pleadings/Briefs/Memo Style Detail to PHN 3.pdf,70,would_move,,matched 'memo'
Memo Style Detail to PHN.pdf,02_Pleadings/Briefs,02_Pleadings/Briefs/Memo Style Detail to PHN.pdf,70,would_move,,matched 'memo'
Memo Style Directive telling me not to contact anyone outside of Phoenix Indian Medical Center.pdf,02_Pleadings/Complaints,02_Pleadings/Complaints/Memo Style Directive telling me not to contact anyone outside of Phoenix Indian Medical Center.pdf,80,would_move,,matched 'tac'
Memo Style Disparate 1.pdf,02_Pleadings/Briefs,02_Pleadings/Briefs/Memo Style Disparate 1.pdf,70,would_move,,matched 'memo'
Memo Style Disparate 2.pdf,02_Pleadings/Briefs,02_Pleadings/Briefs/Memo Style Disparate 2.pdf,70,would_move,,matched 'memo'
Memo Style DWL Stage 1.pdf,02_Pleadings/Briefs,02_Pleadings/Briefs/Memo Style DWL Stage 1.pdf,70,would_move,,matched 'memo'
Memo Style EH complaint.pdf,02_Pleadings/Complaints,02_Pleadings/Complaints/Memo Style EH complaint.pdf,80,would_move,,matched 'complaint'
Memo Style FMLA follow-up number 3.pdf,05_Legal_Authorities/Statutes,05_Legal_Authorities/Statutes/Memo Style FMLA follow-up number 3.pdf,80,would_move,,matched 'fmla'
Memo Style follow up on nurses HWE claim.pdf,02_Pleadings/Briefs,02_Pleadings/Briefs/Memo Style follow up on nurses HWE claim.pdf,70,would_move,,matched 'memo'
Memo Style Forwarded EEO complaint by me to HQ.pdf,02_Pleadings/Complaints,02_Pleadings/Complaints/Memo Style Forwarded EEO complaint by me to HQ.pdf,80,would_move,,matched 'complaint'
Memo Style G Patton Read receipt 19Dec2022.pdf,02_Pleadings/Briefs,02_Pleadings/Briefs/Memo Style G Patton Read receipt 19Dec2022.pdf,70,would_move,,matched 'memo'
Memo Style GP re TG ra.pdf,02_Pleadings/Briefs,02_Pleadings/Briefs/Memo Style GP re TG ra.pdf,70,would_move,,matched 'memo'
Memo Style Grievance 2 Attachment 1.pdf,02_Pleadings/Complaints,02_Pleadings/Complaints/Memo Style Grievance 2 Attachment 1.pdf,80,would_move,,matched 'tac'
Memo Style Grievance 2 Attachment 3Greve.pdf,02_Pleadings/Complaints,02_Pleadings/Complaints/Memo Style Grievance 2 Attachment 3Greve.pdf,80,would_move,,matched 'tac'
Memo Style Grievance 2 Attachment2 chart note (002).pdf,02_Pleadings/Complaints,02_Pleadings/Complaints/Memo Style Grievance 2 Attachment2 chart note (002).pdf,80,would_move,,matched 'tac'
Memo Style HWE Claim Attachment.pdf,02_Pleadings/Complaints,02_Pleadings/Complaints/Memo Style HWE Claim Attachment.pdf,80,would_move,,matched 'tac'
Memo Style HWE Durr 2.pdf,02_Pleadings/Briefs,02_Pleadings/Briefs/Memo Style HWE Durr 2.pdf,70,would_move,,matched 'memo'
Memo Style JW regarding meeting.pdf,02_Pleadings/Briefs,02_Pleadings/Briefs/Memo Style JW regarding meeting.pdf,70,would_move,,matched 'memo'
Memo Style meeting invite for 071922 with meeting rules.pdf,02_Pleadings/Briefs,02_Pleadings/Briefs/Memo Style meeting invite for 071922 with meeting rules.pdf,70,would_move,,matched 'memo'
Memo Style moved her back to my clinic.pdf,04_Exhibits/Medical_Records,04_Exhibits/Medical_Records/Memo Style moved her back to my clinic.pdf,85,would_move,,matched 'clinic'
Memo Style No Amb expereince.pdf,02_Pleadings/Briefs,02_Pleadings/Briefs/Memo Style No Amb expereince.pdf,70,would_move,,matched 'memo'
Memo Style Nurse 2.pdf,02_Pleadings/Briefs,02_Pleadings/Briefs/Memo Style Nurse 2.pdf,70,would_move,,matched 'memo'
Memo Style Nurse 3.pdf,02_Pleadings/Briefs,02_Pleadings/Briefs/Memo Style Nurse 3.pdf,70,would_move,,matched 'memo'
Memo Style Nurse 4.pdf,02_Pleadings/Briefs,02_Pleadings/Briefs/Memo Style Nurse 4.pdf,70,would_move,,matched 'memo'
Memo Style Nurse AD.pdf,02_Pleadings/Briefs,02_Pleadings/Briefs/Memo Style Nurse AD.pdf,70,would_move,,matched 'memo'
Memo Style Nurse AD1.pdf,02_Pleadings/Briefs,02_Pleadings/Briefs/Memo Style Nurse AD1.pdf,70,would_move,,matched 'memo'
Memo Style Nurse AD2.pdf,02_Pleadings/Briefs,02_Pleadings/Briefs/Memo Style Nurse AD2.pdf,70,would_move,,matched 'memo'
"Memo Style Nurse HWE follow-up Durr, Tracey 29Dec22.pdf",02_Pleadings/Briefs,"02_Pleadings/Briefs/Memo Style Nurse HWE follow-up Durr, Tracey 29Dec22.pdf",70,would_move,,matched 'memo'
Memo Style Nurse.pdf,02_Pleadings/Briefs,02_Pleadings/Briefs/Memo Style Nurse.pdf,70,would_move,,matched 'memo'
Memo Style Patient Safety 031723.pdf,02_Pleadings/Briefs,02_Pleadings/Briefs/Memo Style Patient Safety 031723.pdf,70,would_move,,matched 'memo'
Memo Style Patient safety 121222.pdf,02_Pleadings/Briefs,02_Pleadings/Briefs/Memo Style Patient safety 121222.pdf,70,would_move,,matched 'memo'
Memo Style Patient Safety from Director Tso.pdf,02_Pleadings/Briefs,02_Pleadings/Briefs/Memo Style Patient Safety from Director Tso.pdf,70,would_move,,matched 'memo'
Memo Style Patient safety.pdf,02_Pleadings/Briefs,02_Pleadings/Briefs/Memo Style Patient safety.pdf,70,would_move,,matched 'memo'
Memo Style Porter response Never contacted.pdf,02_Pleadings/Complaints,02_Pleadings/Complaints/Memo Style Porter response Never contacted.pdf,80,would_move,,matched 'tac'
Memo Style Position statement 031723.pdf,02_Pleadings/Briefs,02_Pleadings/Briefs/Memo Style Position statement 031723.pdf,70,would_move,,matched 'memo'
Memo Style Racial 1.pdf,02_Pleadings/Briefs,02_Pleadings/Briefs/Memo Style Racial 1.pdf,70,would_move,,matched 'memo'
Memo Style Racist 1.pdf,02_Pleadings/Briefs,02_Pleadings/Briefs/Memo Style Racist 1.pdf,70,would_move,,matched 'memo'
Memo Style Racist to CL.pdf,02_Pleadings/Briefs,02_Pleadings/Briefs/Memo Style Racist to CL.pdf,70,would_move,,matched 'memo'
Memo Style realignment.pdf,02_Pleadings/Briefs,02_Pleadings/Briefs/Memo Style realignment.pdf,70,would_move,,matched 'memo'
Memo Style request to CL regardining TG RA.pdf,02_Pleadings/Briefs,02_Pleadings/Briefs/Memo Style request to CL regardining TG RA.pdf,70,would_move,,matched 'memo'
Memo Style requesting copy of official detail from administration.pdf,02_Pleadings/Briefs,02_Pleadings/Briefs/Memo Style requesting copy of official detail from administration.pdf,70,would_move,,matched 'memo'
Memo Style Respond to no CMA position updates.pdf,02_Pleadings/Briefs,02_Pleadings/Briefs/Memo Style Respond to no CMA position updates.pdf,70,would_move,,matched 'memo'
Memo Style TG 19DEC22 Attachment 1.pdf,02_Pleadings/Complaints,02_Pleadings/Complaints/Memo Style TG 19DEC22 Attachment 1.pdf,80,would_move,,matched 'tac'
Memo Style TG 19DEC22 Attachment 2.pdf,02_Pleadings/Complaints,02_Pleadings/Complaints/Memo Style TG 19DEC22 Attachment 2.pdf,80,would_move,,matched 'tac'
Memo Style TG 19DEC22.pdf,02_Pleadings/Briefs,02_Pleadings/Briefs/Memo Style TG 19DEC22.pdf,70,would_move,,matched 'memo'
Memo Style TG Detail transfer 2.pdf,02_Pleadings/Briefs,02_Pleadings/Briefs/Memo Style TG Detail transfer 2.pdf,70,would_move,,matched 'memo'
Memo Style TG Exploitation.pdf,02_Pleadings/Briefs,02_Pleadings/Briefs/Memo Style TG Exploitation.pdf,70,would_move,,matched 'memo'
Memo Style TG PMAP for review.pdf,02_Pleadings/Briefs,02_Pleadings/Briefs/Memo Style TG PMAP for review.pdf,70,would_move,,matched 'memo'
Memo Style TG Questions 09052018.pdf,02_Pleadings/Briefs,02_Pleadings/Briefs/Memo Style TG Questions 09052018.pdf,70,would_move,,matched 'memo'
Memo Style to KT from  BB regarding great job.pdf,02_Pleadings/Briefs,02_Pleadings/Briefs/Memo Style to KT from  BB regarding great job.pdf,70,would_move,,matched 'memo'
Memo Style Tracey Durr.pdf,02_Pleadings/Briefs,02_Pleadings/Briefs/Memo Style Tracey Durr.pdf,70,would_move,,matched 'memo'
Memo Style.pdf,02_Pleadings/Briefs,02_Pleadings/Briefs/Memo Style.pdf,70,would_move,,matched 'memo'
Memo StyleNurse AD 3.pdf,02_Pleadings/Briefs,02_Pleadings/Briefs/Memo StyleNurse AD 3.pdf,70,would_move,,matched 'memo'
Memo StyleNurse AD 4.pdf,02_Pleadings/Briefs,02_Pleadings/Briefs/Memo StyleNurse AD 4.pdf,70,would_move,,matched 'memo'
MEMORANDUM 112525.pdf,02_Pleadings/Briefs,02_Pleadings/Briefs/MEMORANDUM 112525.pdf,140,would_move,,matched 'memorandum' | matched 'memo'
Memorandum For Record Hixson 062525.pdf,02_Pleadings/Briefs,02_Pleadings/Briefs/Memorandum For Record Hixson 062525.pdf,140,would_move,,matched 'memorandum' | matched 'memo'
"MEMORANDUM FOR RECORD July 18, 2025.pdf",02_Pleadings/Briefs,"02_Pleadings/Briefs/MEMORANDUM FOR RECORD July 18, 2025.pdf",140,would_move,,matched 'memorandum' | matched 'memo'
"Memorandum For Record Revised Review Safety Event Reporting Policy, Sentinel Event Framework, and Risk Analysis_Signed .pdf",02_Pleadings/Briefs,"02_Pleadings/Briefs/Memorandum For Record Revised Review Safety Event Reporting Policy, Sentinel Event Framework, and Risk Analysis_Signed .pdf",140,would_move,,matched 'memorandum' | matched 'memo'
"Memorandum For Record- Revised Review ΓÇô Safety Event Reporting Policy, Sentinel Event Framework, and Risk Analysis.pdf",02_Pleadings/Briefs,"02_Pleadings/Briefs/Memorandum For Record- Revised Review ΓÇô Safety Event Reporting Policy, Sentinel Event Framework, and Risk Analysis.pdf",140,would_move,,matched 'memorandum' | matched 'memo'
Memorandum Request for Written Direction Regarding PolicyStat Compliance with IHM Transmittal Notice 24.pdf,02_Pleadings/Briefs,02_Pleadings/Briefs/Memorandum Request for Written Direction Regarding PolicyStat Compliance with IHM Transmittal Notice 24.pdf,140,would_move,,matched 'memorandum' | matched 'memo'
Memorandum Sentinel Event 05_21_25 Ward Lund and Pope_Signed-1.pdf,02_Pleadings/Briefs,02_Pleadings/Briefs/Memorandum Sentinel Event 05_21_25 Ward Lund and Pope_Signed-1.pdf,140,would_move,,matched 'memorandum' | matched 'memo'
Memorandum to GB 052125_Signed.pdf,02_Pleadings/Briefs,02_Pleadings/Briefs/Memorandum to GB 052125_Signed.pdf,140,would_move,,matched 'memorandum' | matched 'memo'
Memorandum to Leadership and Governing Body 14 April 2025.pdf,02_Pleadings/Briefs,02_Pleadings/Briefs/Memorandum to Leadership and Governing Body 14 April 2025.pdf,140,would_move,,matched 'memorandum' | matched 'memo'
Memorandum.pdf,02_Pleadings/Briefs,02_Pleadings/Briefs/Memorandum.pdf,140,would_move,,matched 'memorandum' | matched 'memo'
MFR 06102025 Pope Illegal Directive .pdf,05_Legal_Authorities/Agency_Guidance,05_Legal_Authorities/Agency_Guidance/MFR 06102025 Pope Illegal Directive .pdf,70,would_move,,matched 'directive'
MFR 06102025 Pope Illegal Directive Signed.pdf,05_Legal_Authorities/Agency_Guidance,05_Legal_Authorities/Agency_Guidance/MFR 06102025 Pope Illegal Directive Signed.pdf,70,would_move,,matched 'directive'
mfr email.pdf,98_Needs_Review/Uncertain,,0,review_only,,no confident match
MFR Leadership and Governing Body.pdf,98_Needs_Review/Uncertain,,0,review_only,,no confident match
Microsoft Word - DOJ_Complaint_PIMC_Systemic_Failures.pdf,02_Pleadings/Complaints,02_Pleadings/Complaints/Microsoft Word - DOJ_Complaint_PIMC_Systemic_Failures.pdf,80,would_move,,matched 'complaint'
MOTION FOR ENTRY OF DEFAULT AND REQUEST FOR EXPEDITED HEARING.pdf,02_Pleadings/Motions,02_Pleadings/Motions/MOTION FOR ENTRY OF DEFAULT AND REQUEST FOR EXPEDITED HEARING.pdf,70,would_move,,matched 'motion'
Motion for Expedited Consideration of the Google Subpoena CV 25 03367 PHX SMB Expedited Subpoena.pdf,03_Discovery/Subpoenas,03_Discovery/Subpoenas/Motion for Expedited Consideration of the Google Subpoena CV 25 03367 PHX SMB Expedited Subpoena.pdf,90,would_move,,matched 'subpoena'
MSPB Declaration of Kevin D.pdf,04_Exhibits/Government_Reports,04_Exhibits/Government_Reports/MSPB Declaration of Kevin D.pdf,115,would_move,,matched 'mspb' | government-agency acronym
OAM_ 119th Whistleblower Disclosure Form - Kevin Turnage06262025.pdf,98_Needs_Review/Uncertain,,0,review_only,,no confident match
"October 7, 2025 Letter to OIG.pdf",04_Exhibits/Government_Reports,"04_Exhibits/Government_Reports/October 7, 2025 Letter to OIG.pdf",115,would_move,,matched 'oig' | government-agency acronym
OIG October 2025 Packet.pdf,04_Exhibits/Government_Reports,04_Exhibits/Government_Reports/OIG October 2025 Packet.pdf,115,would_move,,matched 'oig' | government-agency acronym
OIG Packet Sworn Statement.pdf,04_Exhibits/Government_Reports,04_Exhibits/Government_Reports/OIG Packet Sworn Statement.pdf,115,would_move,,matched 'oig' | government-agency acronym
OIG.pdf,04_Exhibits/Government_Reports,04_Exhibits/Government_Reports/OIG.pdf,115,would_move,,matched 'oig' | government-agency acronym
OMB Cover Letter 062525.pdf,00_Admin/Correspondence,,65,review_only,,matched 'letter'
Order Allowing ECF.pdf,01_Case_Management/Docket,01_Case_Management/Docket/Order Allowing ECF.pdf,80,would_move,,matched 'ecf'
Order Doc 31.pdf,01_Case_Management/Court_Orders,01_Case_Management/Court_Orders/Order Doc 31.pdf,75,would_move,,matched 'order'
"OSC Complaint OSC-11 June 9, 2025.pdf",02_Pleadings/Complaints,"02_Pleadings/Complaints/OSC Complaint OSC-11 June 9, 2025.pdf",80,would_move,,matched 'complaint'
OSC DI-16-2511 Letter President.pdf,00_Admin/Correspondence,,65,review_only,,matched 'letter'
OSC Drake Email.pdf,98_Needs_Review/Uncertain,,0,review_only,,no confident match
OSC Email Chain.pdf,00_Admin/Correspondence,,65,review_only,,matched 'email chain'
OSC FILE DI-16-2511_FINAL.pdf,98_Needs_Review/Uncertain,,0,review_only,,no confident match
OSC Referral Closing Letter - Kevin Turnage.pdf,09_Trial/Closing,09_Trial/Closing/OSC Referral Closing Letter - Kevin Turnage.pdf,88,would_move,,path/name mentions 09_Trial/Closing | matched 'closing'
OSC Supplemental Filing 092525 Interview.pdf,98_Needs_Review/Uncertain,,0,review_only,,no confident match
OSC Supplemental Filing.pdf,98_Needs_Review/Uncertain,,0,review_only,,no confident match
OSC Supplemental Memo 09262025.pdf,02_Pleadings/Briefs,02_Pleadings/Briefs/OSC Supplemental Memo 09262025.pdf,70,would_move,,matched 'memo'
OSC Supplemental Memo 09262025_Signed.pdf,02_Pleadings/Briefs,02_Pleadings/Briefs/OSC Supplemental Memo 09262025_Signed.pdf,70,would_move,,matched 'memo'
OSC_Stay_Request_Kevin_Turnage.pdf,98_Needs_Review/Uncertain,,0,review_only,,no confident match
Other Complaint 062325.pdf,02_Pleadings/Complaints,02_Pleadings/Complaints/Other Complaint 062325.pdf,80,would_move,,matched 'complaint'
performance-management-for-federal-employees-7-17-2025.pdf,04_Exhibits/Personnel_Records,04_Exhibits/Personnel_Records/performance-management-for-federal-employees-7-17-2025.pdf,85,would_move,,matched 'performance'
performancemanagement.pdf,04_Exhibits/Personnel_Records,04_Exhibits/Personnel_Records/performancemanagement.pdf,85,would_move,,matched 'performance'
Policy Committee bylaws.pdf,04_Exhibits/Policies,04_Exhibits/Policies/Policy Committee bylaws.pdf,75,would_move,,matched 'policy'
Policy Committee Charter -Draft 112923.pdf,04_Exhibits/Policies,04_Exhibits/Policies/Policy Committee Charter -Draft 112923.pdf,75,would_move,,matched 'policy'
Policy Data for GB 042825.pdf,04_Exhibits/Policies,04_Exhibits/Policies/Policy Data for GB 042825.pdf,75,would_move,,matched 'policy'
Policy Management-History 062525.pdf,04_Exhibits/Policies,04_Exhibits/Policies/Policy Management-History 062525.pdf,75,would_move,,matched 'policy'
Policy Management-History-No-Watermark.pdf,04_Exhibits/Policies,04_Exhibits/Policies/Policy Management-History-No-Watermark.pdf,75,would_move,,matched 'policy'
Policy Management.pdf,04_Exhibits/Policies,04_Exhibits/Policies/Policy Management.pdf,75,would_move,,matched 'policy'
Policy Ownership Pope.pdf,04_Exhibits/Policies,04_Exhibits/Policies/Policy Ownership Pope.pdf,75,would_move,,matched 'policy'
Policy Review Adverse Drug Reactions  PolicyStat ID- 18272415  .pdf,05_Legal_Authorities/Statutes,05_Legal_Authorities/Statutes/Policy Review Adverse Drug Reactions  PolicyStat ID- 18272415  .pdf,80,would_move,,matched 'act'
Policy Review Clinical Laboratory Reporting of Infectious Diseases to the Arizona Department of Health Services  PolicyStat ID- 18164239  .pdf,04_Exhibits/Medical_Records,04_Exhibits/Medical_Records/Policy Review Clinical Laboratory Reporting of Infectious Diseases to the Arizona Department of Health Services  PolicyStat ID- 18164239  .pdf,85,would_move,,matched 'clinic'
Policy Review Cytology Result Reporting  PolicyStat ID- 18239697  .pdf,04_Exhibits/Policies,04_Exhibits/Policies/Policy Review Cytology Result Reporting  PolicyStat ID- 18239697  .pdf,75,would_move,,matched 'policy'
Policy Review Cytology Screening Performance  Policy Number- CYP.07655  PolicyStat ID- 18308966  .pdf,04_Exhibits/Personnel_Records,04_Exhibits/Personnel_Records/Policy Review Cytology Screening Performance  Policy Number- CYP.07655  PolicyStat ID- 18308966  .pdf,85,would_move,,matched 'performance'
Policy Review Emergency Contraception  PolicyStat ID- 18183654  .pdf,04_Exhibits/Policies,04_Exhibits/Policies/Policy Review Emergency Contraception  PolicyStat ID- 18183654  .pdf,75,would_move,,matched 'policy'
Policy Review Microtomy Priority and Routine Sectioning Standards  PolicyStat ID- 18266343  .pdf,04_Exhibits/Policies,04_Exhibits/Policies/Policy Review Microtomy Priority and Routine Sectioning Standards  PolicyStat ID- 18266343  .pdf,75,would_move,,matched 'policy'
"Policy Review of  Intravenous Electrolytes ΓÇô Storage, Preparation, and Administration  PolicyStat ID- 18096583  .pdf",04_Exhibits/Policies,"04_Exhibits/Policies/Policy Review of  Intravenous Electrolytes ΓÇô Storage, Preparation, and Administration  PolicyStat ID- 18096583  .pdf",75,would_move,,matched 'policy'
Policy Review Stroke Alert 18050273.pdf,04_Exhibits/Policies,04_Exhibits/Policies/Policy Review Stroke Alert 18050273.pdf,75,would_move,,matched 'policy'
Policy_Report_April_2025_Quality_Council Final.pdf,04_Exhibits/Policies,04_Exhibits/Policies/Policy_Report_April_2025_Quality_Council Final.pdf,75,would_move,,matched 'policy'
Poloicy Review Stroke Alert MFR .pdf,98_Needs_Review/Uncertain,,0,review_only,,no confident match
Pope Do Not update Policy expiration Directive in direct violation of TN 24-16 .pdf,04_Exhibits/Policies,04_Exhibits/Policies/Pope Do Not update Policy expiration Directive in direct violation of TN 24-16 .pdf,75,would_move,,matched 'policy'
Pope Email reinforcing Directive.pdf,05_Legal_Authorities/Agency_Guidance,05_Legal_Authorities/Agency_Guidance/Pope Email reinforcing Directive.pdf,70,would_move,,matched 'directive'
Pope Emails.pdf,04_Exhibits/Emails,,8,review_only,,path/name mentions 04_Exhibits/Emails
Portfolio Hixson Request 06132025.pdf,98_Needs_Review/Uncertain,,0,review_only,,no confident match
preliminary Order.pdf,01_Case_Management/Court_Orders,01_Case_Management/Court_Orders/preliminary Order.pdf,75,would_move,,matched 'order'
Preservation Letter to US Attorney General Bondi.pdf,00_Admin/Correspondence,,65,review_only,,matched 'letter'
Preservation Letter to US Attorney General Victoria Gray.pdf,00_Admin/Correspondence,,65,review_only,,matched 'letter'
Preservation Letter to US Attorney General.pdf,00_Admin/Correspondence,,65,review_only,,matched 'letter'
Proposal.pdf,98_Needs_Review/Uncertain,,0,review_only,,no confident match
"Protected Disclosure May 25, 2025_Signed.pdf",98_Needs_Review/Uncertain,,0,review_only,,no confident match
PSU.pdf,98_Needs_Review/Uncertain,,0,review_only,,no confident match
PX3439 PCMC (02.28.21).pdf,98_Needs_Review/Uncertain,,0,review_only,,no confident match
PX3439 PCMC CCC (02.28.21).pdf,98_Needs_Review/Uncertain,,0,review_only,,no confident match
PX3439 PCMC HR.pdf,04_Exhibits/Personnel_Records,04_Exhibits/Personnel_Records/PX3439 PCMC HR.pdf,85,would_move,,matched 'hr'
RA Medical Request Form_AttAB46.tmp.H.S_.pdf,98_Needs_Review/Uncertain,,0,review_only,,no confident match
Radiation Policy Email Holliday.pdf,04_Exhibits/Policies,04_Exhibits/Policies/Radiation Policy Email Holliday.pdf,75,would_move,,matched 'policy'
Radiation Policy Pope.pdf,04_Exhibits/Policies,04_Exhibits/Policies/Radiation Policy Pope.pdf,75,would_move,,matched 'policy'
Reasonable Accomadations Form#1.pdf,05_Legal_Authorities/Statutes,05_Legal_Authorities/Statutes/Reasonable Accomadations Form#1.pdf,80,would_move,,matched 'ada'
"REBUTTAL TO JULY 14, 2025 INVESTIGATIVE LEAVE NOTICE.pdf",02_Pleadings/Notices,,65,review_only,,matched 'notice'
Redlined First Amended Complaint.pdf,02_Pleadings/Complaints,02_Pleadings/Complaints/Redlined First Amended Complaint.pdf,160,would_move,,matched 'complaint' | matched 'amended complaint'
Redlined Second Motion Exhibit B.pdf,02_Pleadings/Motions,02_Pleadings/Motions/Redlined Second Motion Exhibit B.pdf,70,would_move,,matched 'motion'
Rejection of Clinical Laboratory Reporting of Infectious Diseases Policy_Signed.pdf,04_Exhibits/Medical_Records,04_Exhibits/Medical_Records/Rejection of Clinical Laboratory Reporting of Infectious Diseases Policy_Signed.pdf,85,would_move,,matched 'clinic'
Rejection of Oral Contrast Media Administration Policy (PolicyStat ID- 18214016)_Signed.pdf,04_Exhibits/Policies,04_Exhibits/Policies/Rejection of Oral Contrast Media Administration Policy (PolicyStat ID- 18214016)_Signed.pdf,75,would_move,,matched 'policy'
"Rejection of Policy ΓÇô RPMS, EHR, and Other Laboratory Software Updates and Installation (PolicyStat ID- 18164480)_Signed.pdf",04_Exhibits/Personnel_Records,"04_Exhibits/Personnel_Records/Rejection of Policy ΓÇô RPMS, EHR, and Other Laboratory Software Updates and Installation (PolicyStat ID- 18164480)_Signed.pdf",85,would_move,,matched 'hr'
Reply to Defendant’s Response to Motion for Limited Discovery.pdf,02_Pleadings/Replies,02_Pleadings/Replies/Reply to Defendant’s Response to Motion for Limited Discovery.pdf,75,would_move,,matched 'reply'
Request for Documentation 112525.pdf,98_Needs_Review/Uncertain,,0,review_only,,no confident match
Response to Email Endrea McCabe 04012026 PMAP.pdf,02_Pleadings/Responses,02_Pleadings/Responses/Response to Email Endrea McCabe 04012026 PMAP.pdf,70,would_move,,matched 'response'
Response to Extension Request 121625.pdf,02_Pleadings/Responses,02_Pleadings/Responses/Response to Extension Request 121625.pdf,70,would_move,,matched 'response'
Resubmission Deficient Summons.pdf,01_Case_Management/Case_Caption,01_Case_Management/Case_Caption/Resubmission Deficient Summons.pdf,70,would_move,,matched 'summons'
Retaliation _ U.S. Equal Employment Opportunity Commission.pdf,05_Legal_Authorities/Cases,05_Legal_Authorities/Cases/Retaliation _ U.S. Equal Employment Opportunity Commission.pdf,85,would_move,,matched 'u.s.'
Retaliation Email about C. T..pdf,98_Needs_Review/Uncertain,,0,review_only,,no confident match
"Review of Labeling of Specimen Containers, Colored Cassettes, & Slides 18265459.pdf",98_Needs_Review/Uncertain,,0,review_only,,no confident match
RFK Litigation Hold.pdf,98_Needs_Review/Uncertain,,0,review_only,,no confident match
Right to File Formal complaint 12302025.pdf,02_Pleadings/Complaints,02_Pleadings/Complaints/Right to File Formal complaint 12302025.pdf,80,would_move,,matched 'complaint'
RTF Completed and Signed.pdf,98_Needs_Review/Uncertain,,0,review_only,,no confident match
Safety Event Reporting-History-No-Watermark.pdf,98_Needs_Review/Uncertain,,0,review_only,,no confident match
Safety Management Plan-History-No-Watermark.pdf,98_Needs_Review/Uncertain,,0,review_only,,no confident match
SCO305KON19030514180.pdf,98_Needs_Review/Uncertain,,0,review_only,,no confident match
Signed FMLA KTurnage.pdf,05_Legal_Authorities/Statutes,05_Legal_Authorities/Statutes/Signed FMLA KTurnage.pdf,80,would_move,,matched 'fmla'
Stage 2 Grievance Letter040623.pdf,00_Admin/Correspondence,,65,review_only,,matched 'letter'
Subject- Request for Review of Position Misclassification and Functional Mismatch ΓÇô GS-0610-12.pdf,98_Needs_Review/Uncertain,,0,review_only,,no confident match
Summary of Policy Compliance Reviews Post Governance Change Signed June092025.pdf,04_Exhibits/Policies,04_Exhibits/Policies/Summary of Policy Compliance Reviews Post Governance Change Signed June092025.pdf,75,would_move,,matched 'policy'
Summary of Policy Compliance Reviews Post Governance Change_Signed.pdf,04_Exhibits/Policies,04_Exhibits/Policies/Summary of Policy Compliance Reviews Post Governance Change_Signed.pdf,75,would_move,,matched 'policy'
SUPPLEMENTAL BRIEF IN SUPPORT OF OSC CASE NOS. DI-25-001542 AND MA-25-004957 07092025.pdf,02_Pleadings/Briefs,02_Pleadings/Briefs/SUPPLEMENTAL BRIEF IN SUPPORT OF OSC CASE NOS. DI-25-001542 AND MA-25-004957 07092025.pdf,70,would_move,,matched 'brief'
Supplemental Statement Affidavit 1.pdf,02_Pleadings/Declarations,02_Pleadings/Declarations/Supplemental Statement Affidavit 1.pdf,80,would_move,,matched 'affidavit'
Supplemental_Statement_Turnage_Full.pdf,98_Needs_Review/Uncertain,,0,review_only,,no confident match
"Supreme Court Decision Thompson v  North American Stainless, LP.pdf",98_Needs_Review/Uncertain,,0,review_only,,no confident match
T Greve Move I&I.pdf,98_Needs_Review/Uncertain,,0,review_only,,no confident match
T Greve RA Medical Request Letter.pdf,00_Admin/Correspondence,,65,review_only,,matched 'letter'
T Greve RA Medical Request Letter[7].pdf,00_Admin/Correspondence,,65,review_only,,matched 'letter'
TG Detail Letter 08_29_2022.pdf,00_Admin/Correspondence,,65,review_only,,matched 'letter'
TG Emails.pdf,04_Exhibits/Emails,,8,review_only,,path/name mentions 04_Exhibits/Emails
Timeline of continued Retaliation and Continuing Animus.pdf,06_Research/Timelines,06_Research/Timelines/Timeline of continued Retaliation and Continuing Animus.pdf,90,would_move,,matched 'timeline'
TJC 062525 Cover Letter.pdf,00_Admin/Correspondence,,65,review_only,,matched 'letter'
Tonie Greve Step 1 grievance-letter-response signed.pdf,02_Pleadings/Responses,02_Pleadings/Responses/Tonie Greve Step 1 grievance-letter-response signed.pdf,70,would_move,,matched 'response'
Transmittal Memorandum 04282025.pdf,02_Pleadings/Briefs,02_Pleadings/Briefs/Transmittal Memorandum 04282025.pdf,140,would_move,,matched 'memorandum' | matched 'memo'
Transmittal Mermo and email to Dr. McCabe 042282025.pdf,98_Needs_Review/Uncertain,,0,review_only,,no confident match
Transmittal Notice 24-16.pdf,02_Pleadings/Notices,,65,review_only,,matched 'notice'
TURNAGE DOCUMENT REQUEST - 2.pdf,98_Needs_Review/Uncertain,,0,review_only,,no confident match
Turnage Kevin - Letter of Directive - 3-22-23.pdf,05_Legal_Authorities/Agency_Guidance,05_Legal_Authorities/Agency_Guidance/Turnage Kevin - Letter of Directive - 3-22-23.pdf,70,would_move,,matched 'directive'
Turnage Kevin Investigative Leave Notice 10.8.25.pdf,02_Pleadings/Notices,,65,review_only,,matched 'notice'
Turnage+Final+(Redacted)-1.pdf,05_Legal_Authorities/Statutes,05_Legal_Authorities/Statutes/Turnage+Final+(Redacted)-1.pdf,80,would_move,,matched 'act'
Turnage+Final+(Redacted)-4_OCR.pdf,05_Legal_Authorities/Statutes,05_Legal_Authorities/Statutes/Turnage+Final+(Redacted)-4_OCR.pdf,80,would_move,,matched 'act'
Turnage+Response+to+Motion+to+Strike.pdf,02_Pleadings/Motions,02_Pleadings/Motions/Turnage+Response+to+Motion+to+Strike.pdf,70,would_move,,matched 'motion'
Turnage+v.+HHS+-+Opposition+Statement.pdf,02_Pleadings/Responses,02_Pleadings/Responses/Turnage+v.+HHS+-+Opposition+Statement.pdf,70,would_move,,matched 'opposition'
Turnage+v.+HHS+-+Support+Statement-1.pdf,98_Needs_Review/Uncertain,,0,review_only,,no confident match
Turnage+v.+HHS+-Brief+Agency+Opposition+Statement-1.pdf,02_Pleadings/Responses,02_Pleadings/Responses/Turnage+v.+HHS+-Brief+Agency+Opposition+Statement-1.pdf,70,would_move,,matched 'opposition'
"Turnage, Kevin D.-  [HHS-IHS-0614-2023] -Acknowledgement Letter for Formal Complaint (02-10-26)-Signed by MBJ.pdf",02_Pleadings/Complaints,"02_Pleadings/Complaints/Turnage, Kevin D.-  [HHS-IHS-0614-2023] -Acknowledgement Letter for Formal Complaint (02-10-26)-Signed by MBJ.pdf",80,would_move,,matched 'complaint'
"Turnage,+Kevin+-+Final+Agency+Decision+Email+for+EEODI.pdf",98_Needs_Review/Uncertain,,0,review_only,,no confident match
Turnage_Formal_Objection_Records_Demand_Preservation_Notice_04012026.pdf,02_Pleadings/Notices,,65,review_only,,matched 'notice'
Ty Reidhead Litgation Hold.pdf,98_Needs_Review/Uncertain,,0,review_only,,no confident match
UNITED STATES DEPARTMENT OF JUSTICE.pdf,98_Needs_Review/Uncertain,,0,review_only,,no confident match
UNITED STATES v. MILLER (2009) _ FindLaw.pdf,05_Legal_Authorities/Cases,05_Legal_Authorities/Cases/UNITED STATES v. MILLER (2009) _ FindLaw.pdf,85,would_move,,matched ' v. '
US DHS 062525.pdf,98_Needs_Review/Uncertain,,0,review_only,,no confident match
USA v. GAO et al.pdf,04_Exhibits/Government_Reports,04_Exhibits/Government_Reports/USA v. GAO et al.pdf,115,would_move,,matched 'gao' | government-agency acronym
USCODE-2024-title5-partIV-chap131.pdf,05_Legal_Authorities/Statutes,05_Legal_Authorities/Statutes/USCODE-2024-title5-partIV-chap131.pdf,80,would_move,,matched 'usc'
Ward Lund Emails.pdf,04_Exhibits/Emails,,8,review_only,,path/name mentions 04_Exhibits/Emails
Williams V. United Health Grp.pdf,05_Legal_Authorities/Cases,05_Legal_Authorities/Cases/Williams V. United Health Grp.pdf,85,would_move,,matched ' v. '
"Yomi v United States  Dept of Health and Human Service, 970 8754 (D. Kan. 2022).pdf",01_Case_Management/Service,"01_Case_Management/Service/Yomi v United States  Dept of Health and Human Service, 970 8754 (D. Kan. 2022).pdf",78,would_move,,path/name mentions 01_Case_Management/Service | matched 'service'
